,Acronym,Snomed_CT,Diagnostic_Snomed_CT,Details,Superclass_ID,Superclass,Motivo,Fonte,CPSC,Chapman-Shaoxing-Ningbo,CPSC-Extra,PTB,PTBxl,G12EC
,_AVB,233917008,Atrioventricular block,Atrioventricular block (disorder),CD,Conduction Disturbance,"O código SNOMED descreve bloqueio, atraso ou via anômala de condução elétrica (atrioventricular, sinoatrial, fascicular, de ramo ou intraventricular); por isso a agregação em CD é clinicamente coerente para generalização em ECG/ML.","AHA/ACCF/HRS 2009 ECG standardization Part III: intraventricular conduction disturbances. https://pubmed.ncbi.nlm.nih.gov/19281930/ | 2018 ACC/AHA/HRS guideline for bradycardia and cardiac conduction delay. https://pubmed.ncbi.nlm.nih.gov/30412780/ | Wagner et al., 2020, PTB-XL: diagnostic labels aggregated into superclasses NORM, MI, STTC, CD, HYP. https://pmc.ncbi.nlm.nih.gov/articles/PMC7248071/",0,1,1,0,1,1
,1AVB,270492004,First degree atrioventricular block,First degree atrioventricular block (disorder),CD,Conduction Disturbance,"O código SNOMED descreve bloqueio, atraso ou via anômala de condução elétrica (atrioventricular, sinoatrial, fascicular, de ramo ou intraventricular); por isso a agregação em CD é clinicamente coerente para generalização em ECG/ML.","AHA/ACCF/HRS 2009 ECG standardization Part III: intraventricular conduction disturbances. https://pubmed.ncbi.nlm.nih.gov/19281930/ | 2018 ACC/AHA/HRS guideline for bradycardia and cardiac conduction delay. https://pubmed.ncbi.nlm.nih.gov/30412780/ | Wagner et al., 2020, PTB-XL: diagnostic labels aggregated into superclasses NORM, MI, STTC, CD, HYP. https://pmc.ncbi.nlm.nih.gov/articles/PMC7248071/",1,1,1,0,1,1
,2AVB,195042002,Second degree atrioventricular block,Second degree atrioventricular block (disorder),CD,Conduction Disturbance,"O código SNOMED descreve bloqueio, atraso ou via anômala de condução elétrica (atrioventricular, sinoatrial, fascicular, de ramo ou intraventricular); por isso a agregação em CD é clinicamente coerente para generalização em ECG/ML.","AHA/ACCF/HRS 2009 ECG standardization Part III: intraventricular conduction disturbances. https://pubmed.ncbi.nlm.nih.gov/19281930/ | 2018 ACC/AHA/HRS guideline for bradycardia and cardiac conduction delay. https://pubmed.ncbi.nlm.nih.gov/30412780/ | Wagner et al., 2020, PTB-XL: diagnostic labels aggregated into superclasses NORM, MI, STTC, CD, HYP. https://pmc.ncbi.nlm.nih.gov/articles/PMC7248071/",0,1,1,0,1,1
,2AVB1,54016002,Mobitz type I incomplete atrioventricular block,Mobitz type I incomplete atrioventricular block (disorder),CD,Conduction Disturbance,"O código SNOMED descreve bloqueio, atraso ou via anômala de condução elétrica (atrioventricular, sinoatrial, fascicular, de ramo ou intraventricular); por isso a agregação em CD é clinicamente coerente para generalização em ECG/ML.","AHA/ACCF/HRS 2009 ECG standardization Part III: intraventricular conduction disturbances. https://pubmed.ncbi.nlm.nih.gov/19281930/ | 2018 ACC/AHA/HRS guideline for bradycardia and cardiac conduction delay. https://pubmed.ncbi.nlm.nih.gov/30412780/ | Wagner et al., 2020, PTB-XL: diagnostic labels aggregated into superclasses NORM, MI, STTC, CD, HYP. https://pmc.ncbi.nlm.nih.gov/articles/PMC7248071/",0,1,0,0,0,1
,2AVB2,28189009,Mobitz type II atrioventricular block,Mobitz type II atrioventricular block (disorder),CD,Conduction Disturbance,"O código SNOMED descreve bloqueio, atraso ou via anômala de condução elétrica (atrioventricular, sinoatrial, fascicular, de ramo ou intraventricular); por isso a agregação em CD é clinicamente coerente para generalização em ECG/ML.","AHA/ACCF/HRS 2009 ECG standardization Part III: intraventricular conduction disturbances. https://pubmed.ncbi.nlm.nih.gov/19281930/ | 2018 ACC/AHA/HRS guideline for bradycardia and cardiac conduction delay. https://pubmed.ncbi.nlm.nih.gov/30412780/ | Wagner et al., 2020, PTB-XL: diagnostic labels aggregated into superclasses NORM, MI, STTC, CD, HYP. https://pmc.ncbi.nlm.nih.gov/articles/PMC7248071/",0,1,0,0,0,1
,3AVB,27885002,Complete atrioventricular block,Complete atrioventricular block (disorder),CD,Conduction Disturbance,"O código SNOMED descreve bloqueio, atraso ou via anômala de condução elétrica (atrioventricular, sinoatrial, fascicular, de ramo ou intraventricular); por isso a agregação em CD é clinicamente coerente para generalização em ECG/ML.","AHA/ACCF/HRS 2009 ECG standardization Part III: intraventricular conduction disturbances. https://pubmed.ncbi.nlm.nih.gov/19281930/ | 2018 ACC/AHA/HRS guideline for bradycardia and cardiac conduction delay. https://pubmed.ncbi.nlm.nih.gov/30412780/ | Wagner et al., 2020, PTB-XL: diagnostic labels aggregated into superclasses NORM, MI, STTC, CD, HYP. https://pmc.ncbi.nlm.nih.gov/articles/PMC7248071/",0,1,1,0,1,1
,ABI,251173003,Atrial bigeminy,Atrial bigeminy (disorder),RHYTHM,Rhythm/Arrhythmia,"O código SNOMED descreve alteração do ritmo cardíaco, origem do impulso, frequência ou ectopia; esses achados formam uma família clínica de arritmias adequada para uma camada diagnóstica agregada.",AHA/ACCF/HRS 2007 ECG standardization Part II: standardized ECG diagnostic statement list. https://pubmed.ncbi.nlm.nih.gov/17349897/ | 2023 ACC/AHA/ACCP/HRS guideline for diagnosis and management of atrial fibrillation. https://pubmed.ncbi.nlm.nih.gov/38033089/ | 2022 ESC Guidelines for ventricular arrhythmias and prevention of sudden cardiac death. https://pubmed.ncbi.nlm.nih.gov/36017572/,0,1,0,0,0,1
,ABQRS,164951009,EKG: QRS complex abnormal,Electrocardiographic QRS complex abnormal (finding),FORM,Axis/Form/Voltage Abnormality,"O código SNOMED descreve morfologia, eixo, rotação, amplitude/voltagem ou forma de ondas/complexos no ECG sem definir isoladamente uma síndrome de condução, isquemia ou hipertrofia; por isso foi agrupado como anormalidade de forma/eixo/voltagem.","AHA/ACCF/HRS 2007 ECG standardization Part II: standardized ECG diagnostic statement list. https://pubmed.ncbi.nlm.nih.gov/17349897/ | AHA/ACCF/HRS 2009 ECG standardization Part IV: ST segment, T and U waves, QT interval. https://pubmed.ncbi.nlm.nih.gov/19281931/ | AHA/ACCF/HRS 2009 ECG standardization Part V: ECG changes associated with cardiac chamber hypertrophy. https://pubmed.ncbi.nlm.nih.gov/19281932/",0,0,0,0,1,1
,AFAFL,195080001,Atrial fibrillation and flutter,Atrial fibrillation and flutter (disorder),RHYTHM,Rhythm/Arrhythmia,"O código SNOMED descreve alteração do ritmo cardíaco, origem do impulso, frequência ou ectopia; esses achados formam uma família clínica de arritmias adequada para uma camada diagnóstica agregada.",AHA/ACCF/HRS 2007 ECG standardization Part II: standardized ECG diagnostic statement list. https://pubmed.ncbi.nlm.nih.gov/17349897/ | 2023 ACC/AHA/ACCP/HRS guideline for diagnosis and management of atrial fibrillation. https://pubmed.ncbi.nlm.nih.gov/38033089/ | 2022 ESC Guidelines for ventricular arrhythmias and prevention of sudden cardiac death. https://pubmed.ncbi.nlm.nih.gov/36017572/,0,0,1,0,0,1
,AFIB,164889003,ECG: atrial fibrillation,Electrocardiographic atrial fibrillation (finding),RHYTHM,Rhythm/Arrhythmia,"O código SNOMED descreve alteração do ritmo cardíaco, origem do impulso, frequência ou ectopia; esses achados formam uma família clínica de arritmias adequada para uma camada diagnóstica agregada.",AHA/ACCF/HRS 2007 ECG standardization Part II: standardized ECG diagnostic statement list. https://pubmed.ncbi.nlm.nih.gov/17349897/ | 2023 ACC/AHA/ACCP/HRS guideline for diagnosis and management of atrial fibrillation. https://pubmed.ncbi.nlm.nih.gov/38033089/ | 2022 ESC Guidelines for ventricular arrhythmias and prevention of sudden cardiac death. https://pubmed.ncbi.nlm.nih.gov/36017572/,1,1,1,1,1,1
,AFLT,164890007,EKG: atrial flutter,Electrocardiographic atrial flutter (finding),RHYTHM,Rhythm/Arrhythmia,"O código SNOMED descreve alteração do ritmo cardíaco, origem do impulso, frequência ou ectopia; esses achados formam uma família clínica de arritmias adequada para uma camada diagnóstica agregada.",AHA/ACCF/HRS 2007 ECG standardization Part II: standardized ECG diagnostic statement list. https://pubmed.ncbi.nlm.nih.gov/17349897/ | 2023 ACC/AHA/ACCP/HRS guideline for diagnosis and management of atrial fibrillation. https://pubmed.ncbi.nlm.nih.gov/38033089/ | 2022 ESC Guidelines for ventricular arrhythmias and prevention of sudden cardiac death. https://pubmed.ncbi.nlm.nih.gov/36017572/,0,1,1,1,1,1
,AH,195126007,Atrial hypertrophy,Atrial hypertrophy (disorder),HYP,Hypertrophy/Enlargement,"O código SNOMED descreve hipertrofia, aumento ou anormalidade de câmaras cardíacas; alterações de câmaras são uma categoria diagnóstica reconhecida no ECG e mapeável para HYP.","AHA/ACCF/HRS 2009 ECG standardization Part V: ECG changes associated with cardiac chamber hypertrophy. https://pubmed.ncbi.nlm.nih.gov/19281932/ | Wagner et al., 2020, PTB-XL: diagnostic labels aggregated into superclasses NORM, MI, STTC, CD, HYP. https://pmc.ncbi.nlm.nih.gov/articles/PMC7248071/",0,0,1,0,0,1
,AIVR,61277005,Accelerated idioventricular rhythm,Accelerated idioventricular rhythm (disorder),RHYTHM,Rhythm/Arrhythmia,"O código SNOMED descreve alteração do ritmo cardíaco, origem do impulso, frequência ou ectopia; esses achados formam uma família clínica de arritmias adequada para uma camada diagnóstica agregada.",AHA/ACCF/HRS 2007 ECG standardization Part II: standardized ECG diagnostic statement list. https://pubmed.ncbi.nlm.nih.gov/17349897/ | 2023 ACC/AHA/ACCP/HRS guideline for diagnosis and management of atrial fibrillation. https://pubmed.ncbi.nlm.nih.gov/38033089/ | 2022 ESC Guidelines for ventricular arrhythmias and prevention of sudden cardiac death. https://pubmed.ncbi.nlm.nih.gov/36017572/,0,0,0,0,0,1
,AJR,426664006,EKG: accelerated junctional rhythm,Electrocardiographic accelerated junctional rhythm (finding),RHYTHM,Rhythm/Arrhythmia,"O código SNOMED descreve alteração do ritmo cardíaco, origem do impulso, frequência ou ectopia; esses achados formam uma família clínica de arritmias adequada para uma camada diagnóstica agregada.",AHA/ACCF/HRS 2007 ECG standardization Part II: standardized ECG diagnostic statement list. https://pubmed.ncbi.nlm.nih.gov/17349897/ | 2023 ACC/AHA/ACCP/HRS guideline for diagnosis and management of atrial fibrillation. https://pubmed.ncbi.nlm.nih.gov/38033089/ | 2022 ESC Guidelines for ventricular arrhythmias and prevention of sudden cardiac death. https://pubmed.ncbi.nlm.nih.gov/36017572/,0,0,0,0,0,1
,ALAD,39732003,Left axis deviation,Left axis deviation (finding),FORM,Axis/Form/Voltage Abnormality,"O código SNOMED descreve morfologia, eixo, rotação, amplitude/voltagem ou forma de ondas/complexos no ECG sem definir isoladamente uma síndrome de condução, isquemia ou hipertrofia; por isso foi agrupado como anormalidade de forma/eixo/voltagem.","AHA/ACCF/HRS 2007 ECG standardization Part II: standardized ECG diagnostic statement list. https://pubmed.ncbi.nlm.nih.gov/17349897/ | AHA/ACCF/HRS 2009 ECG standardization Part IV: ST segment, T and U waves, QT interval. https://pubmed.ncbi.nlm.nih.gov/19281931/ | AHA/ACCF/HRS 2009 ECG standardization Part V: ECG changes associated with cardiac chamber hypertrophy. https://pubmed.ncbi.nlm.nih.gov/19281932/",0,1,0,0,1,1
,ALMI,164865005,EKG: myocardial infarction,Electrocardiographic myocardial infarction (finding),MI,Myocardial Infarction,"O código SNOMED indica infarto/necrose miocárdica aguda, antiga ou regional; a agregação em MI segue a organização diagnóstica usada em ECG e em bases como PTB-XL.","AHA/ACCF/HRS 2009 ECG standardization Part VI: acute ischemia/infarction. https://pubmed.ncbi.nlm.nih.gov/19281933/ | Wagner et al., 2020, PTB-XL: diagnostic labels aggregated into superclasses NORM, MI, STTC, CD, HYP. https://pmc.ncbi.nlm.nih.gov/articles/PMC7248071/",0,1,1,1,1,1
,ALR,251139008,Suspect arm ECG leads reversed,Suspect arm electrocardiogram leads reversed (finding),TECH,Technical/Artifact,"O código SNOMED descreve artefato técnico ou posicionamento/reversão de eletrodos, não uma doença cardíaca primária; para ML, é uma camada de qualidade/técnica em vez de diagnóstico clínico.",AHA/ACCF/HRS 2007 ECG standardization Part II: standardized ECG diagnostic statement list. https://pubmed.ncbi.nlm.nih.gov/17349897/,0,0,0,0,0,1
,AMI,54329005,Acute myocardial infarction of anterior wall,Acute myocardial infarction of anterior wall (disorder),MI,Myocardial Infarction,"O código SNOMED indica infarto/necrose miocárdica aguda, antiga ou regional; a agregação em MI segue a organização diagnóstica usada em ECG e em bases como PTB-XL.","AHA/ACCF/HRS 2009 ECG standardization Part VI: acute ischemia/infarction. https://pubmed.ncbi.nlm.nih.gov/19281933/ | Wagner et al., 2020, PTB-XL: diagnostic labels aggregated into superclasses NORM, MI, STTC, CD, HYP. https://pmc.ncbi.nlm.nih.gov/articles/PMC7248071/",0,0,1,0,1,1
,AMI,57054005,Acute myocardial infarction,Acute myocardial infarction (disorder),MI,Myocardial Infarction,"O código SNOMED indica infarto/necrose miocárdica aguda, antiga ou regional; a agregação em MI segue a organização diagnóstica usada em ECG e em bases como PTB-XL.","AHA/ACCF/HRS 2009 ECG standardization Part VI: acute ischemia/infarction. https://pubmed.ncbi.nlm.nih.gov/19281933/ | Wagner et al., 2020, PTB-XL: diagnostic labels aggregated into superclasses NORM, MI, STTC, CD, HYP. https://pmc.ncbi.nlm.nih.gov/articles/PMC7248071/",0,0,0,0,0,1
,AMIs,413444003,Acute myocardial ischemia,Acute myocardial ischemia (disorder),STTC,ST-T Change/Ischemia,"O código SNOMED representa alteração de repolarização, segmento ST, onda T/U, intervalo QT ou isquemia miocárdica; esses achados são agrupáveis como STTC/ischemic-repolarization abnormalities.","AHA/ACCF/HRS 2009 ECG standardization Part IV: ST segment, T and U waves, QT interval. https://pubmed.ncbi.nlm.nih.gov/19281931/ | AHA/ACCF/HRS 2009 ECG standardization Part VI: acute ischemia/infarction. https://pubmed.ncbi.nlm.nih.gov/19281933/ | Wagner et al., 2020, PTB-XL: diagnostic labels aggregated into superclasses NORM, MI, STTC, CD, HYP. https://pmc.ncbi.nlm.nih.gov/articles/PMC7248071/",0,0,1,0,0,1
,ANEUR,428750005,Nonspecific ST-T abnormality on electrocardiogram,Nonspecific ST-T abnormality on electrocardiogram (finding),STTC,ST-T Change/Ischemia,"O código SNOMED representa alteração de repolarização, segmento ST, onda T/U, intervalo QT ou isquemia miocárdica; esses achados são agrupáveis como STTC/ischemic-repolarization abnormalities.","AHA/ACCF/HRS 2009 ECG standardization Part IV: ST segment, T and U waves, QT interval. https://pubmed.ncbi.nlm.nih.gov/19281931/ | AHA/ACCF/HRS 2009 ECG standardization Part VI: acute ischemia/infarction. https://pubmed.ncbi.nlm.nih.gov/19281933/ | Wagner et al., 2020, PTB-XL: diagnostic labels aggregated into superclasses NORM, MI, STTC, CD, HYP. https://pmc.ncbi.nlm.nih.gov/articles/PMC7248071/",0,1,1,0,1,1
,AP,251268003,Atrial pacing pattern,Atrial pacing pattern (finding),PACE,Paced Rhythm/Device Pattern,O código SNOMED indica ritmo ou padrão de estimulação artificial no ECG; esses achados devem ser agregados separadamente de arritmias espontâneas porque refletem ativação por dispositivo.,AHA/ACCF/HRS 2007 ECG standardization Part II: standardized ECG diagnostic statement list. https://pubmed.ncbi.nlm.nih.gov/17349897/ | 2018 ACC/AHA/HRS guideline for bradycardia and cardiac conduction delay. https://pubmed.ncbi.nlm.nih.gov/30412780/,0,0,0,0,0,1
,ARAD,47665007,Right axis deviation,Right axis deviation (finding),FORM,Axis/Form/Voltage Abnormality,"O código SNOMED descreve morfologia, eixo, rotação, amplitude/voltagem ou forma de ondas/complexos no ECG sem definir isoladamente uma síndrome de condução, isquemia ou hipertrofia; por isso foi agrupado como anormalidade de forma/eixo/voltagem.","AHA/ACCF/HRS 2007 ECG standardization Part II: standardized ECG diagnostic statement list. https://pubmed.ncbi.nlm.nih.gov/17349897/ | AHA/ACCF/HRS 2009 ECG standardization Part IV: ST segment, T and U waves, QT interval. https://pubmed.ncbi.nlm.nih.gov/19281931/ | AHA/ACCF/HRS 2009 ECG standardization Part V: ECG changes associated with cardiac chamber hypertrophy. https://pubmed.ncbi.nlm.nih.gov/19281932/",0,1,1,0,1,1
,AT,713422000,EKG: atrial tachycardia,Electrocardiographic atrial tachycardia (finding),RHYTHM,Rhythm/Arrhythmia,"O código SNOMED descreve alteração do ritmo cardíaco, origem do impulso, frequência ou ectopia; esses achados formam uma família clínica de arritmias adequada para uma camada diagnóstica agregada.",AHA/ACCF/HRS 2007 ECG standardization Part II: standardized ECG diagnostic statement list. https://pubmed.ncbi.nlm.nih.gov/17349897/ | 2023 ACC/AHA/ACCP/HRS guideline for diagnosis and management of atrial fibrillation. https://pubmed.ncbi.nlm.nih.gov/38033089/ | 2022 ESC Guidelines for ventricular arrhythmias and prevention of sudden cardiac death. https://pubmed.ncbi.nlm.nih.gov/36017572/,0,1,1,0,0,1
,AVD,50799005,Atrioventricular dissociation,Atrioventricular dissociation (disorder),RHYTHM,Rhythm/Arrhythmia,"O código SNOMED descreve alteração do ritmo cardíaco, origem do impulso, frequência ou ectopia; esses achados formam uma família clínica de arritmias adequada para uma camada diagnóstica agregada.",AHA/ACCF/HRS 2007 ECG standardization Part II: standardized ECG diagnostic statement list. https://pubmed.ncbi.nlm.nih.gov/17349897/ | 2023 ACC/AHA/ACCP/HRS guideline for diagnosis and management of atrial fibrillation. https://pubmed.ncbi.nlm.nih.gov/38033089/ | 2022 ESC Guidelines for ventricular arrhythmias and prevention of sudden cardiac death. https://pubmed.ncbi.nlm.nih.gov/36017572/,0,0,0,0,0,1
,AVJR,29320008,Ectopic rhythm,Ectopic rhythm (disorder),RHYTHM,Rhythm/Arrhythmia,"O código SNOMED descreve alteração do ritmo cardíaco, origem do impulso, frequência ou ectopia; esses achados formam uma família clínica de arritmias adequada para uma camada diagnóstica agregada.",AHA/ACCF/HRS 2007 ECG standardization Part II: standardized ECG diagnostic statement list. https://pubmed.ncbi.nlm.nih.gov/17349897/ | 2023 ACC/AHA/ACCP/HRS guideline for diagnosis and management of atrial fibrillation. https://pubmed.ncbi.nlm.nih.gov/38033089/ | 2022 ESC Guidelines for ventricular arrhythmias and prevention of sudden cardiac death. https://pubmed.ncbi.nlm.nih.gov/36017572/,0,0,1,0,0,1
,AVNRT,233896004,Re-entrant atrioventricular node tachycardia,Re-entrant atrioventricular node tachycardia (disorder),RHYTHM,Rhythm/Arrhythmia,"O código SNOMED descreve alteração do ritmo cardíaco, origem do impulso, frequência ou ectopia; esses achados formam uma família clínica de arritmias adequada para uma camada diagnóstica agregada.",AHA/ACCF/HRS 2007 ECG standardization Part II: standardized ECG diagnostic statement list. https://pubmed.ncbi.nlm.nih.gov/17349897/ | 2023 ACC/AHA/ACCP/HRS guideline for diagnosis and management of atrial fibrillation. https://pubmed.ncbi.nlm.nih.gov/38033089/ | 2022 ESC Guidelines for ventricular arrhythmias and prevention of sudden cardiac death. https://pubmed.ncbi.nlm.nih.gov/36017572/,0,1,0,0,0,0
,AVRT,233897008,Re-entrant atrioventricular tachycardia,Re-entrant atrioventricular tachycardia (disorder),RHYTHM,Rhythm/Arrhythmia,"O código SNOMED descreve alteração do ritmo cardíaco, origem do impulso, frequência ou ectopia; esses achados formam uma família clínica de arritmias adequada para uma camada diagnóstica agregada.",AHA/ACCF/HRS 2007 ECG standardization Part II: standardized ECG diagnostic statement list. https://pubmed.ncbi.nlm.nih.gov/17349897/ | 2023 ACC/AHA/ACCP/HRS guideline for diagnosis and management of atrial fibrillation. https://pubmed.ncbi.nlm.nih.gov/38033089/ | 2022 ESC Guidelines for ventricular arrhythmias and prevention of sudden cardiac death. https://pubmed.ncbi.nlm.nih.gov/36017572/,0,1,0,0,0,0
,AXL,251200008,Indeterminate cardiac axis,Indeterminate cardiac axis (finding),FORM,Axis/Form/Voltage Abnormality,"O código SNOMED descreve morfologia, eixo, rotação, amplitude/voltagem ou forma de ondas/complexos no ECG sem definir isoladamente uma síndrome de condução, isquemia ou hipertrofia; por isso foi agrupado como anormalidade de forma/eixo/voltagem.","AHA/ACCF/HRS 2007 ECG standardization Part II: standardized ECG diagnostic statement list. https://pubmed.ncbi.nlm.nih.gov/17349897/ | AHA/ACCF/HRS 2009 ECG standardization Part IV: ST segment, T and U waves, QT interval. https://pubmed.ncbi.nlm.nih.gov/19281931/ | AHA/ACCF/HRS 2009 ECG standardization Part V: ECG changes associated with cardiac chamber hypertrophy. https://pubmed.ncbi.nlm.nih.gov/19281932/",0,0,0,0,1,1
,BBB,6374002,Bundle branch block,Bundle branch block (disorder),CD,Conduction Disturbance,"O código SNOMED descreve bloqueio, atraso ou via anômala de condução elétrica (atrioventricular, sinoatrial, fascicular, de ramo ou intraventricular); por isso a agregação em CD é clinicamente coerente para generalização em ECG/ML.","AHA/ACCF/HRS 2009 ECG standardization Part III: intraventricular conduction disturbances. https://pubmed.ncbi.nlm.nih.gov/19281930/ | 2018 ACC/AHA/HRS guideline for bradycardia and cardiac conduction delay. https://pubmed.ncbi.nlm.nih.gov/30412780/ | Wagner et al., 2020, PTB-XL: diagnostic labels aggregated into superclasses NORM, MI, STTC, CD, HYP. https://pmc.ncbi.nlm.nih.gov/articles/PMC7248071/",0,0,0,1,0,1
,BIGU,11157007,Ventricular bigeminy,Ventricular bigeminy (disorder),RHYTHM,Rhythm/Arrhythmia,"O código SNOMED descreve alteração do ritmo cardíaco, origem do impulso, frequência ou ectopia; esses achados formam uma família clínica de arritmias adequada para uma camada diagnóstica agregada.",AHA/ACCF/HRS 2007 ECG standardization Part II: standardized ECG diagnostic statement list. https://pubmed.ncbi.nlm.nih.gov/17349897/ | 2023 ACC/AHA/ACCP/HRS guideline for diagnosis and management of atrial fibrillation. https://pubmed.ncbi.nlm.nih.gov/38033089/ | 2022 ESC Guidelines for ventricular arrhythmias and prevention of sudden cardiac death. https://pubmed.ncbi.nlm.nih.gov/36017572/,0,1,1,0,1,1
,BPAC,251170000,Blocked premature atrial contraction,Blocked premature atrial contraction (disorder),RHYTHM,Rhythm/Arrhythmia,"O código SNOMED descreve alteração do ritmo cardíaco, origem do impulso, frequência ou ectopia; esses achados formam uma família clínica de arritmias adequada para uma camada diagnóstica agregada.",AHA/ACCF/HRS 2007 ECG standardization Part II: standardized ECG diagnostic statement list. https://pubmed.ncbi.nlm.nih.gov/17349897/ | 2023 ACC/AHA/ACCP/HRS guideline for diagnosis and management of atrial fibrillation. https://pubmed.ncbi.nlm.nih.gov/38033089/ | 2022 ESC Guidelines for ventricular arrhythmias and prevention of sudden cardiac death. https://pubmed.ncbi.nlm.nih.gov/36017572/,0,0,1,0,0,1
,Brady,426627000,ECG: bradycardia,Electrocardiogram: bradycardia (finding),RHYTHM,Rhythm/Arrhythmia,"O código SNOMED descreve alteração do ritmo cardíaco, origem do impulso, frequência ou ectopia; esses achados formam uma família clínica de arritmias adequada para uma camada diagnóstica agregada.",AHA/ACCF/HRS 2007 ECG standardization Part II: standardized ECG diagnostic statement list. https://pubmed.ncbi.nlm.nih.gov/17349897/ | 2023 ACC/AHA/ACCP/HRS guideline for diagnosis and management of atrial fibrillation. https://pubmed.ncbi.nlm.nih.gov/38033089/ | 2022 ESC Guidelines for ventricular arrhythmias and prevention of sudden cardiac death. https://pubmed.ncbi.nlm.nih.gov/36017572/,0,0,1,0,0,1
,Brugada,418818005,Brugada syndrome,Brugada syndrome (disorder),RHYTHM,Rhythm/Arrhythmia,"O código SNOMED descreve alteração do ritmo cardíaco, origem do impulso, frequência ou ectopia; esses achados formam uma família clínica de arritmias adequada para uma camada diagnóstica agregada.",AHA/ACCF/HRS 2007 ECG standardization Part II: standardized ECG diagnostic statement list. https://pubmed.ncbi.nlm.nih.gov/17349897/ | 2023 ACC/AHA/ACCP/HRS guideline for diagnosis and management of atrial fibrillation. https://pubmed.ncbi.nlm.nih.gov/38033089/ | 2022 ESC Guidelines for ventricular arrhythmias and prevention of sudden cardiac death. https://pubmed.ncbi.nlm.nih.gov/36017572/,0,0,0,0,0,1
,CAF,426749004,Chronic atrial fibrillation,Chronic atrial fibrillation (disorder),RHYTHM,Rhythm/Arrhythmia,"O código SNOMED descreve alteração do ritmo cardíaco, origem do impulso, frequência ou ectopia; esses achados formam uma família clínica de arritmias adequada para uma camada diagnóstica agregada.",AHA/ACCF/HRS 2007 ECG standardization Part II: standardized ECG diagnostic statement list. https://pubmed.ncbi.nlm.nih.gov/17349897/ | 2023 ACC/AHA/ACCP/HRS guideline for diagnosis and management of atrial fibrillation. https://pubmed.ncbi.nlm.nih.gov/38033089/ | 2022 ESC Guidelines for ventricular arrhythmias and prevention of sudden cardiac death. https://pubmed.ncbi.nlm.nih.gov/36017572/,0,0,1,0,0,1
,CCR,251199005,Counterclockwise cardiac rotation,Counterclockwise cardiac rotation (finding),FORM,Axis/Form/Voltage Abnormality,"O código SNOMED descreve morfologia, eixo, rotação, amplitude/voltagem ou forma de ondas/complexos no ECG sem definir isoladamente uma síndrome de condução, isquemia ou hipertrofia; por isso foi agrupado como anormalidade de forma/eixo/voltagem.","AHA/ACCF/HRS 2007 ECG standardization Part II: standardized ECG diagnostic statement list. https://pubmed.ncbi.nlm.nih.gov/17349897/ | AHA/ACCF/HRS 2009 ECG standardization Part IV: ST segment, T and U waves, QT interval. https://pubmed.ncbi.nlm.nih.gov/19281931/ | AHA/ACCF/HRS 2009 ECG standardization Part V: ECG changes associated with cardiac chamber hypertrophy. https://pubmed.ncbi.nlm.nih.gov/19281932/",0,1,0,0,0,0
,CD,65778007,Sinoatrial block,Sinoatrial block (disorder),CD,Conduction Disturbance,"O código SNOMED descreve bloqueio, atraso ou via anômala de condução elétrica (atrioventricular, sinoatrial, fascicular, de ramo ou intraventricular); por isso a agregação em CD é clinicamente coerente para generalização em ECG/ML.","AHA/ACCF/HRS 2009 ECG standardization Part III: intraventricular conduction disturbances. https://pubmed.ncbi.nlm.nih.gov/19281930/ | 2018 ACC/AHA/HRS guideline for bradycardia and cardiac conduction delay. https://pubmed.ncbi.nlm.nih.gov/30412780/ | Wagner et al., 2020, PTB-XL: diagnostic labels aggregated into superclasses NORM, MI, STTC, CD, HYP. https://pmc.ncbi.nlm.nih.gov/articles/PMC7248071/",0,0,1,0,1,1
,CD,698247007,Cardiac arrhythmia,Cardiac arrhythmia (disorder),RHYTHM,Rhythm/Arrhythmia,"O código SNOMED descreve alteração do ritmo cardíaco, origem do impulso, frequência ou ectopia; esses achados formam uma família clínica de arritmias adequada para uma camada diagnóstica agregada.",AHA/ACCF/HRS 2007 ECG standardization Part II: standardized ECG diagnostic statement list. https://pubmed.ncbi.nlm.nih.gov/17349897/ | 2023 ACC/AHA/ACCP/HRS guideline for diagnosis and management of atrial fibrillation. https://pubmed.ncbi.nlm.nih.gov/38033089/ | 2022 ESC Guidelines for ventricular arrhythmias and prevention of sudden cardiac death. https://pubmed.ncbi.nlm.nih.gov/36017572/,0,0,0,1,0,1
,CHD,53741008,Coronary arteriosclerosis,Coronary arteriosclerosis (disorder),OTHER_CARDIAC,Other Cardiac Disease,O código SNOMED representa condição cardíaca estrutural ou clínica não especificada primariamente como padrão eletrocardiográfico isolado; deve ser mantido como classe clínica separada para evitar mistura com layers morfológicas do ECG.,AHA/ACCF/HRS 2007 ECG standardization Part II: standardized ECG diagnostic statement list. https://pubmed.ncbi.nlm.nih.gov/17349897/,0,0,0,1,0,1
,CIAHB,204384007,Congenital incomplete atrioventricular heart block,Congenital incomplete atrioventricular heart block (disorder),CD,Conduction Disturbance,"O código SNOMED descreve bloqueio, atraso ou via anômala de condução elétrica (atrioventricular, sinoatrial, fascicular, de ramo ou intraventricular); por isso a agregação em CD é clinicamente coerente para generalização em ECG/ML.","AHA/ACCF/HRS 2009 ECG standardization Part III: intraventricular conduction disturbances. https://pubmed.ncbi.nlm.nih.gov/19281930/ | 2018 ACC/AHA/HRS guideline for bradycardia and cardiac conduction delay. https://pubmed.ncbi.nlm.nih.gov/30412780/ | Wagner et al., 2020, PTB-XL: diagnostic labels aggregated into superclasses NORM, MI, STTC, CD, HYP. https://pmc.ncbi.nlm.nih.gov/articles/PMC7248071/",0,0,0,1,0,1
,CLBBB,164909002,EKG: left bundle branch block,Electrocardiographic left bundle branch block (finding),CD,Conduction Disturbance,"O código SNOMED descreve bloqueio, atraso ou via anômala de condução elétrica (atrioventricular, sinoatrial, fascicular, de ramo ou intraventricular); por isso a agregação em CD é clinicamente coerente para generalização em ECG/ML.","AHA/ACCF/HRS 2009 ECG standardization Part III: intraventricular conduction disturbances. https://pubmed.ncbi.nlm.nih.gov/19281930/ | 2018 ACC/AHA/HRS guideline for bradycardia and cardiac conduction delay. https://pubmed.ncbi.nlm.nih.gov/30412780/ | Wagner et al., 2020, PTB-XL: diagnostic labels aggregated into superclasses NORM, MI, STTC, CD, HYP. https://pmc.ncbi.nlm.nih.gov/articles/PMC7248071/",1,1,1,0,1,1
,CMI,413844008,Chronic myocardial ischemia,Chronic myocardial ischemia (disorder),STTC,ST-T Change/Ischemia,"O código SNOMED representa alteração de repolarização, segmento ST, onda T/U, intervalo QT ou isquemia miocárdica; esses achados são agrupáveis como STTC/ischemic-repolarization abnormalities.","AHA/ACCF/HRS 2009 ECG standardization Part IV: ST segment, T and U waves, QT interval. https://pubmed.ncbi.nlm.nih.gov/19281931/ | AHA/ACCF/HRS 2009 ECG standardization Part VI: acute ischemia/infarction. https://pubmed.ncbi.nlm.nih.gov/19281933/ | Wagner et al., 2020, PTB-XL: diagnostic labels aggregated into superclasses NORM, MI, STTC, CD, HYP. https://pmc.ncbi.nlm.nih.gov/articles/PMC7248071/",0,0,1,0,0,1
,CR,251198002,Clockwise cardiac rotation,Clockwise cardiac rotation (finding),FORM,Axis/Form/Voltage Abnormality,"O código SNOMED descreve morfologia, eixo, rotação, amplitude/voltagem ou forma de ondas/complexos no ECG sem definir isoladamente uma síndrome de condução, isquemia ou hipertrofia; por isso foi agrupado como anormalidade de forma/eixo/voltagem.","AHA/ACCF/HRS 2007 ECG standardization Part II: standardized ECG diagnostic statement list. https://pubmed.ncbi.nlm.nih.gov/17349897/ | AHA/ACCF/HRS 2009 ECG standardization Part IV: ST segment, T and U waves, QT interval. https://pubmed.ncbi.nlm.nih.gov/19281931/ | AHA/ACCF/HRS 2009 ECG standardization Part V: ECG changes associated with cardiac chamber hypertrophy. https://pubmed.ncbi.nlm.nih.gov/19281932/",0,1,0,0,0,0
,CRBBB,713427006,EKG: complete right bundle branch block,Electrocardiographic complete right bundle branch block (finding),CD,Conduction Disturbance,"O código SNOMED descreve bloqueio, atraso ou via anômala de condução elétrica (atrioventricular, sinoatrial, fascicular, de ramo ou intraventricular); por isso a agregação em CD é clinicamente coerente para generalização em ECG/ML.","AHA/ACCF/HRS 2009 ECG standardization Part III: intraventricular conduction disturbances. https://pubmed.ncbi.nlm.nih.gov/19281930/ | 2018 ACC/AHA/HRS guideline for bradycardia and cardiac conduction delay. https://pubmed.ncbi.nlm.nih.gov/30412780/ | Wagner et al., 2020, PTB-XL: diagnostic labels aggregated into superclasses NORM, MI, STTC, CD, HYP. https://pmc.ncbi.nlm.nih.gov/articles/PMC7248071/",0,0,1,0,1,1
,DIB,82226007,Diffuse intraventricular block,Diffuse intraventricular block (disorder),CD,Conduction Disturbance,"O código SNOMED descreve bloqueio, atraso ou via anômala de condução elétrica (atrioventricular, sinoatrial, fascicular, de ramo ou intraventricular); por isso a agregação em CD é clinicamente coerente para generalização em ECG/ML.","AHA/ACCF/HRS 2009 ECG standardization Part III: intraventricular conduction disturbances. https://pubmed.ncbi.nlm.nih.gov/19281930/ | 2018 ACC/AHA/HRS guideline for bradycardia and cardiac conduction delay. https://pubmed.ncbi.nlm.nih.gov/30412780/ | Wagner et al., 2020, PTB-XL: diagnostic labels aggregated into superclasses NORM, MI, STTC, CD, HYP. https://pmc.ncbi.nlm.nih.gov/articles/PMC7248071/",0,0,1,0,0,1
,ERV,428417006,Early repolarization,Early repolarization (finding),STTC,ST-T Change/Ischemia,"O código SNOMED representa alteração de repolarização, segmento ST, onda T/U, intervalo QT ou isquemia miocárdica; esses achados são agrupáveis como STTC/ischemic-repolarization abnormalities.","AHA/ACCF/HRS 2009 ECG standardization Part IV: ST segment, T and U waves, QT interval. https://pubmed.ncbi.nlm.nih.gov/19281931/ | AHA/ACCF/HRS 2009 ECG standardization Part VI: acute ischemia/infarction. https://pubmed.ncbi.nlm.nih.gov/19281933/ | Wagner et al., 2020, PTB-XL: diagnostic labels aggregated into superclasses NORM, MI, STTC, CD, HYP. https://pmc.ncbi.nlm.nih.gov/articles/PMC7248071/",0,1,0,0,0,1
,FQRS,164942001,ECG: F wave present,Electrocardiogram: F wave present (finding),OTHER_CARDIAC,Other Cardiac Disease,O código SNOMED representa condição cardíaca estrutural ou clínica não especificada primariamente como padrão eletrocardiográfico isolado; deve ser mantido como classe clínica separada para evitar mistura com layers morfológicas do ECG.,AHA/ACCF/HRS 2007 ECG standardization Part II: standardized ECG diagnostic statement list. https://pubmed.ncbi.nlm.nih.gov/17349897/,0,1,0,0,0,0
,HF,84114007,Heart failure,Heart failure (disorder),OTHER_CARDIAC,Other Cardiac Disease,O código SNOMED representa condição cardíaca estrutural ou clínica não especificada primariamente como padrão eletrocardiográfico isolado; deve ser mantido como classe clínica separada para evitar mistura com layers morfológicas do ECG.,AHA/ACCF/HRS 2007 ECG standardization Part II: standardized ECG diagnostic statement list. https://pubmed.ncbi.nlm.nih.gov/17349897/,0,0,0,1,0,1
,HTV,251259000,High T-voltage,High T-voltage (finding),STTC,ST-T Change/Ischemia,"O código SNOMED representa alteração de repolarização, segmento ST, onda T/U, intervalo QT ou isquemia miocárdica; esses achados são agrupáveis como STTC/ischemic-repolarization abnormalities.","AHA/ACCF/HRS 2009 ECG standardization Part IV: ST segment, T and U waves, QT interval. https://pubmed.ncbi.nlm.nih.gov/19281931/ | AHA/ACCF/HRS 2009 ECG standardization Part VI: acute ischemia/infarction. https://pubmed.ncbi.nlm.nih.gov/19281933/ | Wagner et al., 2020, PTB-XL: diagnostic labels aggregated into superclasses NORM, MI, STTC, CD, HYP. https://pmc.ncbi.nlm.nih.gov/articles/PMC7248071/",0,0,1,0,0,1
,HVD,368009,Heart valve disorder,Heart valve disorder (disorder),OTHER_CARDIAC,Other Cardiac Disease,O código SNOMED representa condição cardíaca estrutural ou clínica não especificada primariamente como padrão eletrocardiográfico isolado; deve ser mantido como classe clínica separada para evitar mistura com layers morfológicas do ECG.,AHA/ACCF/HRS 2007 ECG standardization Part II: standardized ECG diagnostic statement list. https://pubmed.ncbi.nlm.nih.gov/17349897/,0,0,0,1,0,1
,HYP,266249003,Ventricular hypertrophy,Ventricular hypertrophy (disorder),HYP,Hypertrophy/Enlargement,"O código SNOMED descreve hipertrofia, aumento ou anormalidade de câmaras cardíacas; alterações de câmaras são uma categoria diagnóstica reconhecida no ECG e mapeável para HYP.","AHA/ACCF/HRS 2009 ECG standardization Part V: ECG changes associated with cardiac chamber hypertrophy. https://pubmed.ncbi.nlm.nih.gov/19281932/ | Wagner et al., 2020, PTB-XL: diagnostic labels aggregated into superclasses NORM, MI, STTC, CD, HYP. https://pmc.ncbi.nlm.nih.gov/articles/PMC7248071/",0,0,1,1,1,1
,ILBBB,251120003,Incomplete left bundle branch block,Incomplete left bundle branch block (disorder),CD,Conduction Disturbance,"O código SNOMED descreve bloqueio, atraso ou via anômala de condução elétrica (atrioventricular, sinoatrial, fascicular, de ramo ou intraventricular); por isso a agregação em CD é clinicamente coerente para generalização em ECG/ML.","AHA/ACCF/HRS 2009 ECG standardization Part III: intraventricular conduction disturbances. https://pubmed.ncbi.nlm.nih.gov/19281930/ | 2018 ACC/AHA/HRS guideline for bradycardia and cardiac conduction delay. https://pubmed.ncbi.nlm.nih.gov/30412780/ | Wagner et al., 2020, PTB-XL: diagnostic labels aggregated into superclasses NORM, MI, STTC, CD, HYP. https://pmc.ncbi.nlm.nih.gov/articles/PMC7248071/",0,0,1,0,1,1
,INVT,59931005,Inverted T wave,Inverted T wave (finding),STTC,ST-T Change/Ischemia,"O código SNOMED representa alteração de repolarização, segmento ST, onda T/U, intervalo QT ou isquemia miocárdica; esses achados são agrupáveis como STTC/ischemic-repolarization abnormalities.","AHA/ACCF/HRS 2009 ECG standardization Part IV: ST segment, T and U waves, QT interval. https://pubmed.ncbi.nlm.nih.gov/19281931/ | AHA/ACCF/HRS 2009 ECG standardization Part VI: acute ischemia/infarction. https://pubmed.ncbi.nlm.nih.gov/19281933/ | Wagner et al., 2020, PTB-XL: diagnostic labels aggregated into superclasses NORM, MI, STTC, CD, HYP. https://pmc.ncbi.nlm.nih.gov/articles/PMC7248071/",0,1,1,0,1,1
,IR,49260003,Idioventricular rhythm,Idioventricular rhythm (disorder),RHYTHM,Rhythm/Arrhythmia,"O código SNOMED descreve alteração do ritmo cardíaco, origem do impulso, frequência ou ectopia; esses achados formam uma família clínica de arritmias adequada para uma camada diagnóstica agregada.",AHA/ACCF/HRS 2007 ECG standardization Part II: standardized ECG diagnostic statement list. https://pubmed.ncbi.nlm.nih.gov/17349897/ | 2023 ACC/AHA/ACCP/HRS guideline for diagnosis and management of atrial fibrillation. https://pubmed.ncbi.nlm.nih.gov/38033089/ | 2022 ESC Guidelines for ventricular arrhythmias and prevention of sudden cardiac death. https://pubmed.ncbi.nlm.nih.gov/36017572/,0,0,0,0,0,1
,IRBBB,713426002,EKG: Incomplete right bundle branch block,Electrocardiographic incomplete right bundle branch block (finding),CD,Conduction Disturbance,"O código SNOMED descreve bloqueio, atraso ou via anômala de condução elétrica (atrioventricular, sinoatrial, fascicular, de ramo ou intraventricular); por isso a agregação em CD é clinicamente coerente para generalização em ECG/ML.","AHA/ACCF/HRS 2009 ECG standardization Part III: intraventricular conduction disturbances. https://pubmed.ncbi.nlm.nih.gov/19281930/ | 2018 ACC/AHA/HRS guideline for bradycardia and cardiac conduction delay. https://pubmed.ncbi.nlm.nih.gov/30412780/ | Wagner et al., 2020, PTB-XL: diagnostic labels aggregated into superclasses NORM, MI, STTC, CD, HYP. https://pmc.ncbi.nlm.nih.gov/articles/PMC7248071/",0,0,1,0,1,1
,ISC_,164861001,EKG myocardial ischemia,Electrocardiographic myocardial ischemia (finding),STTC,ST-T Change/Ischemia,"O código SNOMED representa alteração de repolarização, segmento ST, onda T/U, intervalo QT ou isquemia miocárdica; esses achados são agrupáveis como STTC/ischemic-repolarization abnormalities.","AHA/ACCF/HRS 2009 ECG standardization Part IV: ST segment, T and U waves, QT interval. https://pubmed.ncbi.nlm.nih.gov/19281931/ | AHA/ACCF/HRS 2009 ECG standardization Part VI: acute ischemia/infarction. https://pubmed.ncbi.nlm.nih.gov/19281933/ | Wagner et al., 2020, PTB-XL: diagnostic labels aggregated into superclasses NORM, MI, STTC, CD, HYP. https://pmc.ncbi.nlm.nih.gov/articles/PMC7248071/",0,0,1,0,1,1
,ISCA,426434006,EKG: anterior ischemia,Electrocardiographic anterior ischemia (finding),STTC,ST-T Change/Ischemia,"O código SNOMED representa alteração de repolarização, segmento ST, onda T/U, intervalo QT ou isquemia miocárdica; esses achados são agrupáveis como STTC/ischemic-repolarization abnormalities.","AHA/ACCF/HRS 2009 ECG standardization Part IV: ST segment, T and U waves, QT interval. https://pubmed.ncbi.nlm.nih.gov/19281931/ | AHA/ACCF/HRS 2009 ECG standardization Part VI: acute ischemia/infarction. https://pubmed.ncbi.nlm.nih.gov/19281933/ | Wagner et al., 2020, PTB-XL: diagnostic labels aggregated into superclasses NORM, MI, STTC, CD, HYP. https://pmc.ncbi.nlm.nih.gov/articles/PMC7248071/",0,0,0,0,1,1
,ISCI,425419005,EKG: inferior ischemia,Electrocardiographic inferior ischemia (finding),STTC,ST-T Change/Ischemia,"O código SNOMED representa alteração de repolarização, segmento ST, onda T/U, intervalo QT ou isquemia miocárdica; esses achados são agrupáveis como STTC/ischemic-repolarization abnormalities.","AHA/ACCF/HRS 2009 ECG standardization Part IV: ST segment, T and U waves, QT interval. https://pubmed.ncbi.nlm.nih.gov/19281931/ | AHA/ACCF/HRS 2009 ECG standardization Part VI: acute ischemia/infarction. https://pubmed.ncbi.nlm.nih.gov/19281933/ | Wagner et al., 2020, PTB-XL: diagnostic labels aggregated into superclasses NORM, MI, STTC, CD, HYP. https://pmc.ncbi.nlm.nih.gov/articles/PMC7248071/",0,0,0,0,1,1
,ISCLA,425623009,EKG: lateral ischemia,Electrocardiographic lateral ischemia (finding),STTC,ST-T Change/Ischemia,"O código SNOMED representa alteração de repolarização, segmento ST, onda T/U, intervalo QT ou isquemia miocárdica; esses achados são agrupáveis como STTC/ischemic-repolarization abnormalities.","AHA/ACCF/HRS 2009 ECG standardization Part IV: ST segment, T and U waves, QT interval. https://pubmed.ncbi.nlm.nih.gov/19281931/ | AHA/ACCF/HRS 2009 ECG standardization Part VI: acute ischemia/infarction. https://pubmed.ncbi.nlm.nih.gov/19281933/ | Wagner et al., 2020, PTB-XL: diagnostic labels aggregated into superclasses NORM, MI, STTC, CD, HYP. https://pmc.ncbi.nlm.nih.gov/articles/PMC7248071/",0,0,0,0,1,1
,ISTD,704997005,Inferior ST segment depression,Inferior ST segment depression (finding),STTC,ST-T Change/Ischemia,"O código SNOMED representa alteração de repolarização, segmento ST, onda T/U, intervalo QT ou isquemia miocárdica; esses achados são agrupáveis como STTC/ischemic-repolarization abnormalities.","AHA/ACCF/HRS 2009 ECG standardization Part IV: ST segment, T and U waves, QT interval. https://pubmed.ncbi.nlm.nih.gov/19281931/ | AHA/ACCF/HRS 2009 ECG standardization Part VI: acute ischemia/infarction. https://pubmed.ncbi.nlm.nih.gov/19281933/ | Wagner et al., 2020, PTB-XL: diagnostic labels aggregated into superclasses NORM, MI, STTC, CD, HYP. https://pmc.ncbi.nlm.nih.gov/articles/PMC7248071/",0,0,1,0,0,1
,IVCB,698252002,Non-specific intraventricular conduction delay,Non-specific intraventricular conduction delay (disorder),CD,Conduction Disturbance,"O código SNOMED descreve bloqueio, atraso ou via anômala de condução elétrica (atrioventricular, sinoatrial, fascicular, de ramo ou intraventricular); por isso a agregação em CD é clinicamente coerente para generalização em ECG/ML.","AHA/ACCF/HRS 2009 ECG standardization Part III: intraventricular conduction disturbances. https://pubmed.ncbi.nlm.nih.gov/19281930/ | 2018 ACC/AHA/HRS guideline for bradycardia and cardiac conduction delay. https://pubmed.ncbi.nlm.nih.gov/30412780/ | Wagner et al., 2020, PTB-XL: diagnostic labels aggregated into superclasses NORM, MI, STTC, CD, HYP. https://pmc.ncbi.nlm.nih.gov/articles/PMC7248071/",0,1,1,0,1,1
,JEB,426995002,EKG: junctional escape rhythm,Electrocardiographic junctional escape rhythm (finding),RHYTHM,Rhythm/Arrhythmia,"O código SNOMED descreve alteração do ritmo cardíaco, origem do impulso, frequência ou ectopia; esses achados formam uma família clínica de arritmias adequada para uma camada diagnóstica agregada.",AHA/ACCF/HRS 2007 ECG standardization Part II: standardized ECG diagnostic statement list. https://pubmed.ncbi.nlm.nih.gov/17349897/ | 2023 ACC/AHA/ACCP/HRS guideline for diagnosis and management of atrial fibrillation. https://pubmed.ncbi.nlm.nih.gov/38033089/ | 2022 ESC Guidelines for ventricular arrhythmias and prevention of sudden cardiac death. https://pubmed.ncbi.nlm.nih.gov/36017572/,0,1,1,0,0,1
,JPT,251164006,Junctional premature complex,Junctional premature complex (disorder),RHYTHM,Rhythm/Arrhythmia,"O código SNOMED descreve alteração do ritmo cardíaco, origem do impulso, frequência ou ectopia; esses achados formam uma família clínica de arritmias adequada para uma camada diagnóstica agregada.",AHA/ACCF/HRS 2007 ECG standardization Part II: standardized ECG diagnostic statement list. https://pubmed.ncbi.nlm.nih.gov/17349897/ | 2023 ACC/AHA/ACCP/HRS guideline for diagnosis and management of atrial fibrillation. https://pubmed.ncbi.nlm.nih.gov/38033089/ | 2022 ESC Guidelines for ventricular arrhythmias and prevention of sudden cardiac death. https://pubmed.ncbi.nlm.nih.gov/36017572/,0,1,1,0,0,1
,JTach,426648003,ECG: junctional tachycardia,Electrocardiogram: junctional tachycardia (finding),RHYTHM,Rhythm/Arrhythmia,"O código SNOMED descreve alteração do ritmo cardíaco, origem do impulso, frequência ou ectopia; esses achados formam uma família clínica de arritmias adequada para uma camada diagnóstica agregada.",AHA/ACCF/HRS 2007 ECG standardization Part II: standardized ECG diagnostic statement list. https://pubmed.ncbi.nlm.nih.gov/17349897/ | 2023 ACC/AHA/ACCP/HRS guideline for diagnosis and management of atrial fibrillation. https://pubmed.ncbi.nlm.nih.gov/38033089/ | 2022 ESC Guidelines for ventricular arrhythmias and prevention of sudden cardiac death. https://pubmed.ncbi.nlm.nih.gov/36017572/,0,0,1,0,0,1
,LAA,253352002,Left atrial abnormality,Left atrial abnormality (disorder),HYP,Hypertrophy/Enlargement,"O código SNOMED descreve hipertrofia, aumento ou anormalidade de câmaras cardíacas; alterações de câmaras são uma categoria diagnóstica reconhecida no ECG e mapeável para HYP.","AHA/ACCF/HRS 2009 ECG standardization Part V: ECG changes associated with cardiac chamber hypertrophy. https://pubmed.ncbi.nlm.nih.gov/19281932/ | Wagner et al., 2020, PTB-XL: diagnostic labels aggregated into superclasses NORM, MI, STTC, CD, HYP. https://pmc.ncbi.nlm.nih.gov/articles/PMC7248071/",0,0,0,0,0,1
,LAFB,445118002,Left anterior fascicular block on electrocardiogram,Left anterior fascicular block on electrocardiogram (finding),CD,Conduction Disturbance,"O código SNOMED descreve bloqueio, atraso ou via anômala de condução elétrica (atrioventricular, sinoatrial, fascicular, de ramo ou intraventricular); por isso a agregação em CD é clinicamente coerente para generalização em ECG/ML.","AHA/ACCF/HRS 2009 ECG standardization Part III: intraventricular conduction disturbances. https://pubmed.ncbi.nlm.nih.gov/19281930/ | 2018 ACC/AHA/HRS guideline for bradycardia and cardiac conduction delay. https://pubmed.ncbi.nlm.nih.gov/30412780/ | Wagner et al., 2020, PTB-XL: diagnostic labels aggregated into superclasses NORM, MI, STTC, CD, HYP. https://pmc.ncbi.nlm.nih.gov/articles/PMC7248071/",0,0,0,0,1,1
,LAH,446813000,Left atrial hypertrophy,Left atrial hypertrophy (disorder),HYP,Hypertrophy/Enlargement,"O código SNOMED descreve hipertrofia, aumento ou anormalidade de câmaras cardíacas; alterações de câmaras são uma categoria diagnóstica reconhecida no ECG e mapeável para HYP.","AHA/ACCF/HRS 2009 ECG standardization Part V: ECG changes associated with cardiac chamber hypertrophy. https://pubmed.ncbi.nlm.nih.gov/19281932/ | Wagner et al., 2020, PTB-XL: diagnostic labels aggregated into superclasses NORM, MI, STTC, CD, HYP. https://pmc.ncbi.nlm.nih.gov/articles/PMC7248071/",0,0,1,0,0,1
,LAO/LAE,67741000119109,Left atrial enlargement,Left atrial enlargement (disorder),HYP,Hypertrophy/Enlargement,"O código SNOMED descreve hipertrofia, aumento ou anormalidade de câmaras cardíacas; alterações de câmaras são uma categoria diagnóstica reconhecida no ECG e mapeável para HYP.","AHA/ACCF/HRS 2009 ECG standardization Part V: ECG changes associated with cardiac chamber hypertrophy. https://pubmed.ncbi.nlm.nih.gov/19281932/ | Wagner et al., 2020, PTB-XL: diagnostic labels aggregated into superclasses NORM, MI, STTC, CD, HYP. https://pmc.ncbi.nlm.nih.gov/articles/PMC7248071/",0,0,1,0,1,1
,LNGQT,111975006,Prolonged QT interval,Prolonged QT interval (finding),STTC,ST-T Change/Ischemia,"O código SNOMED representa alteração de repolarização, segmento ST, onda T/U, intervalo QT ou isquemia miocárdica; esses achados são agrupáveis como STTC/ischemic-repolarization abnormalities.","AHA/ACCF/HRS 2009 ECG standardization Part IV: ST segment, T and U waves, QT interval. https://pubmed.ncbi.nlm.nih.gov/19281931/ | AHA/ACCF/HRS 2009 ECG standardization Part VI: acute ischemia/infarction. https://pubmed.ncbi.nlm.nih.gov/19281933/ | Wagner et al., 2020, PTB-XL: diagnostic labels aggregated into superclasses NORM, MI, STTC, CD, HYP. https://pmc.ncbi.nlm.nih.gov/articles/PMC7248071/",0,1,1,0,1,1
,LOWT,164934002,EKG: T wave abnormal,Electrocardiographic T wave abnormal (finding),STTC,ST-T Change/Ischemia,"O código SNOMED representa alteração de repolarização, segmento ST, onda T/U, intervalo QT ou isquemia miocárdica; esses achados são agrupáveis como STTC/ischemic-repolarization abnormalities.","AHA/ACCF/HRS 2009 ECG standardization Part IV: ST segment, T and U waves, QT interval. https://pubmed.ncbi.nlm.nih.gov/19281931/ | AHA/ACCF/HRS 2009 ECG standardization Part VI: acute ischemia/infarction. https://pubmed.ncbi.nlm.nih.gov/19281933/ | Wagner et al., 2020, PTB-XL: diagnostic labels aggregated into superclasses NORM, MI, STTC, CD, HYP. https://pmc.ncbi.nlm.nih.gov/articles/PMC7248071/",0,1,1,0,1,1
,LPFB,445211001,Left posterior fascicular block on electrocardiogram,Left posterior fascicular block on electrocardiogram (finding),CD,Conduction Disturbance,"O código SNOMED descreve bloqueio, atraso ou via anômala de condução elétrica (atrioventricular, sinoatrial, fascicular, de ramo ou intraventricular); por isso a agregação em CD é clinicamente coerente para generalização em ECG/ML.","AHA/ACCF/HRS 2009 ECG standardization Part III: intraventricular conduction disturbances. https://pubmed.ncbi.nlm.nih.gov/19281930/ | 2018 ACC/AHA/HRS guideline for bradycardia and cardiac conduction delay. https://pubmed.ncbi.nlm.nih.gov/30412780/ | Wagner et al., 2020, PTB-XL: diagnostic labels aggregated into superclasses NORM, MI, STTC, CD, HYP. https://pmc.ncbi.nlm.nih.gov/articles/PMC7248071/",0,0,0,0,1,1
,LPR,164947007,Prolonged PR interval,Prolonged PR interval (finding),CD,Conduction Disturbance,"O código SNOMED descreve bloqueio, atraso ou via anômala de condução elétrica (atrioventricular, sinoatrial, fascicular, de ramo ou intraventricular); por isso a agregação em CD é clinicamente coerente para generalização em ECG/ML.","AHA/ACCF/HRS 2009 ECG standardization Part III: intraventricular conduction disturbances. https://pubmed.ncbi.nlm.nih.gov/19281930/ | 2018 ACC/AHA/HRS guideline for bradycardia and cardiac conduction delay. https://pubmed.ncbi.nlm.nih.gov/30412780/ | Wagner et al., 2020, PTB-XL: diagnostic labels aggregated into superclasses NORM, MI, STTC, CD, HYP. https://pmc.ncbi.nlm.nih.gov/articles/PMC7248071/",0,1,0,0,1,1
,LVH,164873001,EKG:left ventricle hypertrophy,Electrocardiographic left ventricle hypertrophy (finding),HYP,Hypertrophy/Enlargement,"O código SNOMED descreve hipertrofia, aumento ou anormalidade de câmaras cardíacas; alterações de câmaras são uma categoria diagnóstica reconhecida no ECG e mapeável para HYP.","AHA/ACCF/HRS 2009 ECG standardization Part V: ECG changes associated with cardiac chamber hypertrophy. https://pubmed.ncbi.nlm.nih.gov/19281932/ | Wagner et al., 2020, PTB-XL: diagnostic labels aggregated into superclasses NORM, MI, STTC, CD, HYP. https://pmc.ncbi.nlm.nih.gov/articles/PMC7248071/",0,1,1,0,1,1
,LVOLT,251146004,Low QRS voltages,Low QRS voltages (finding),FORM,Axis/Form/Voltage Abnormality,"O código SNOMED descreve morfologia, eixo, rotação, amplitude/voltagem ou forma de ondas/complexos no ECG sem definir isoladamente uma síndrome de condução, isquemia ou hipertrofia; por isso foi agrupado como anormalidade de forma/eixo/voltagem.","AHA/ACCF/HRS 2007 ECG standardization Part II: standardized ECG diagnostic statement list. https://pubmed.ncbi.nlm.nih.gov/17349897/ | AHA/ACCF/HRS 2009 ECG standardization Part IV: ST segment, T and U waves, QT interval. https://pubmed.ncbi.nlm.nih.gov/19281931/ | AHA/ACCF/HRS 2009 ECG standardization Part V: ECG changes associated with cardiac chamber hypertrophy. https://pubmed.ncbi.nlm.nih.gov/19281932/",0,1,0,0,1,1
,LVQRSCL,251148003,Low QRS voltages in the precordial leads,Low QRS voltages in the precordial leads (finding),FORM,Axis/Form/Voltage Abnormality,"O código SNOMED descreve morfologia, eixo, rotação, amplitude/voltagem ou forma de ondas/complexos no ECG sem definir isoladamente uma síndrome de condução, isquemia ou hipertrofia; por isso foi agrupado como anormalidade de forma/eixo/voltagem.","AHA/ACCF/HRS 2007 ECG standardization Part II: standardized ECG diagnostic statement list. https://pubmed.ncbi.nlm.nih.gov/17349897/ | AHA/ACCF/HRS 2009 ECG standardization Part IV: ST segment, T and U waves, QT interval. https://pubmed.ncbi.nlm.nih.gov/19281931/ | AHA/ACCF/HRS 2009 ECG standardization Part V: ECG changes associated with cardiac chamber hypertrophy. https://pubmed.ncbi.nlm.nih.gov/19281932/",0,1,0,0,0,1
,LVQRSLL,251147008,Low QRS voltages in the limb leads,Low QRS voltages in the limb leads (finding),FORM,Axis/Form/Voltage Abnormality,"O código SNOMED descreve morfologia, eixo, rotação, amplitude/voltagem ou forma de ondas/complexos no ECG sem definir isoladamente uma síndrome de condução, isquemia ou hipertrofia; por isso foi agrupado como anormalidade de forma/eixo/voltagem.","AHA/ACCF/HRS 2007 ECG standardization Part II: standardized ECG diagnostic statement list. https://pubmed.ncbi.nlm.nih.gov/17349897/ | AHA/ACCF/HRS 2009 ECG standardization Part IV: ST segment, T and U waves, QT interval. https://pubmed.ncbi.nlm.nih.gov/19281931/ | AHA/ACCF/HRS 2009 ECG standardization Part V: ECG changes associated with cardiac chamber hypertrophy. https://pubmed.ncbi.nlm.nih.gov/19281932/",0,1,0,0,0,1
,LVS,370365005,EKG: left ventricular strain,Electrocardiographic left ventricular strain (finding),STTC,ST-T Change/Ischemia,"O código SNOMED representa alteração de repolarização, segmento ST, onda T/U, intervalo QT ou isquemia miocárdica; esses achados são agrupáveis como STTC/ischemic-repolarization abnormalities.","AHA/ACCF/HRS 2009 ECG standardization Part IV: ST segment, T and U waves, QT interval. https://pubmed.ncbi.nlm.nih.gov/19281931/ | AHA/ACCF/HRS 2009 ECG standardization Part VI: acute ischemia/infarction. https://pubmed.ncbi.nlm.nih.gov/19281933/ | Wagner et al., 2020, PTB-XL: diagnostic labels aggregated into superclasses NORM, MI, STTC, CD, HYP. https://pmc.ncbi.nlm.nih.gov/articles/PMC7248071/",0,0,1,0,0,1
,NORM,426783006,ECG: sinus rhythm,Electrocardiogram: sinus rhythm (finding),NORM,Normal ECG,O código SNOMED descreve ritmo sinusal/ECG normal sem alteração diagnóstica; essa classe corresponde à categoria NORM usada como superclasse diagnóstica em ECG/ML.,"AHA/ACCF/HRS 2007 ECG standardization Part II: standardized ECG diagnostic statement list. https://pubmed.ncbi.nlm.nih.gov/17349897/ | Wagner et al., 2020, PTB-XL: diagnostic labels aggregated into superclasses NORM, MI, STTC, CD, HYP. https://pmc.ncbi.nlm.nih.gov/articles/PMC7248071/",1,1,1,1,1,1
,NST_,55930002,EKG ST segment changes,Electrocardiographic ST segment changes (finding),STTC,ST-T Change/Ischemia,"O código SNOMED representa alteração de repolarização, segmento ST, onda T/U, intervalo QT ou isquemia miocárdica; esses achados são agrupáveis como STTC/ischemic-repolarization abnormalities.","AHA/ACCF/HRS 2009 ECG standardization Part IV: ST segment, T and U waves, QT interval. https://pubmed.ncbi.nlm.nih.gov/19281931/ | AHA/ACCF/HRS 2009 ECG standardization Part VI: acute ischemia/infarction. https://pubmed.ncbi.nlm.nih.gov/19281933/ | Wagner et al., 2020, PTB-XL: diagnostic labels aggregated into superclasses NORM, MI, STTC, CD, HYP. https://pmc.ncbi.nlm.nih.gov/articles/PMC7248071/",0,0,1,0,1,1
,OldMI,164867002,EKG: old myocardial infarction,Electrocardiographic old myocardial infarction (finding),MI,Myocardial Infarction,"O código SNOMED indica infarto/necrose miocárdica aguda, antiga ou regional; a agregação em MI segue a organização diagnóstica usada em ECG e em bases como PTB-XL.","AHA/ACCF/HRS 2009 ECG standardization Part VI: acute ischemia/infarction. https://pubmed.ncbi.nlm.nih.gov/19281933/ | Wagner et al., 2020, PTB-XL: diagnostic labels aggregated into superclasses NORM, MI, STTC, CD, HYP. https://pmc.ncbi.nlm.nih.gov/articles/PMC7248071/",0,0,1,0,0,1
,PAC,284470004,Premature atrial contraction,Premature atrial contraction (disorder),RHYTHM,Rhythm/Arrhythmia,"O código SNOMED descreve alteração do ritmo cardíaco, origem do impulso, frequência ou ectopia; esses achados formam uma família clínica de arritmias adequada para uma camada diagnóstica agregada.",AHA/ACCF/HRS 2007 ECG standardization Part II: standardized ECG diagnostic statement list. https://pubmed.ncbi.nlm.nih.gov/17349897/ | 2023 ACC/AHA/ACCP/HRS guideline for diagnosis and management of atrial fibrillation. https://pubmed.ncbi.nlm.nih.gov/38033089/ | 2022 ESC Guidelines for ventricular arrhythmias and prevention of sudden cardiac death. https://pubmed.ncbi.nlm.nih.gov/36017572/,1,1,1,0,1,1
,PACE,10370003,Rhythm from artificial pacing,Rhythm from artificial pacing (finding),PACE,Paced Rhythm/Device Pattern,O código SNOMED indica ritmo ou padrão de estimulação artificial no ECG; esses achados devem ser agregados separadamente de arritmias espontâneas porque refletem ativação por dispositivo.,AHA/ACCF/HRS 2007 ECG standardization Part II: standardized ECG diagnostic statement list. https://pubmed.ncbi.nlm.nih.gov/17349897/ | 2018 ACC/AHA/HRS guideline for bradycardia and cardiac conduction delay. https://pubmed.ncbi.nlm.nih.gov/30412780/,0,0,1,0,1,1
,PAF,282825002,Paroxysmal atrial fibrillation,Paroxysmal atrial fibrillation (disorder),RHYTHM,Rhythm/Arrhythmia,"O código SNOMED descreve alteração do ritmo cardíaco, origem do impulso, frequência ou ectopia; esses achados formam uma família clínica de arritmias adequada para uma camada diagnóstica agregada.",AHA/ACCF/HRS 2007 ECG standardization Part II: standardized ECG diagnostic statement list. https://pubmed.ncbi.nlm.nih.gov/17349897/ | 2023 ACC/AHA/ACCP/HRS guideline for diagnosis and management of atrial fibrillation. https://pubmed.ncbi.nlm.nih.gov/38033089/ | 2022 ESC Guidelines for ventricular arrhythmias and prevention of sudden cardiac death. https://pubmed.ncbi.nlm.nih.gov/36017572/,0,0,0,1,0,1
,PRC(S),164884008,ECG: ventricular ectopics,Electrocardiogram: ventricular ectopics (finding),RHYTHM,Rhythm/Arrhythmia,"O código SNOMED descreve alteração do ritmo cardíaco, origem do impulso, frequência ou ectopia; esses achados formam uma família clínica de arritmias adequada para uma camada diagnóstica agregada.",AHA/ACCF/HRS 2007 ECG standardization Part II: standardized ECG diagnostic statement list. https://pubmed.ncbi.nlm.nih.gov/17349897/ | 2023 ACC/AHA/ACCP/HRS guideline for diagnosis and management of atrial fibrillation. https://pubmed.ncbi.nlm.nih.gov/38033089/ | 2022 ESC Guidelines for ventricular arrhythmias and prevention of sudden cardiac death. https://pubmed.ncbi.nlm.nih.gov/36017572/,1,0,0,0,1,1
,PSVT,67198005,Paroxysmal supraventricular tachycardia,Paroxysmal supraventricular tachycardia (disorder),RHYTHM,Rhythm/Arrhythmia,"O código SNOMED descreve alteração do ritmo cardíaco, origem do impulso, frequência ou ectopia; esses achados formam uma família clínica de arritmias adequada para uma camada diagnóstica agregada.",AHA/ACCF/HRS 2007 ECG standardization Part II: standardized ECG diagnostic statement list. https://pubmed.ncbi.nlm.nih.gov/17349897/ | 2023 ACC/AHA/ACCP/HRS guideline for diagnosis and management of atrial fibrillation. https://pubmed.ncbi.nlm.nih.gov/38033089/ | 2022 ESC Guidelines for ventricular arrhythmias and prevention of sudden cardiac death. https://pubmed.ncbi.nlm.nih.gov/36017572/,0,0,0,0,1,1
,PVC,427172004,ECG: premature ventricular contractions,Electrocardiogram: premature ventricular contractions (finding),RHYTHM,Rhythm/Arrhythmia,"O código SNOMED descreve alteração do ritmo cardíaco, origem do impulso, frequência ou ectopia; esses achados formam uma família clínica de arritmias adequada para uma camada diagnóstica agregada.",AHA/ACCF/HRS 2007 ECG standardization Part II: standardized ECG diagnostic statement list. https://pubmed.ncbi.nlm.nih.gov/17349897/ | 2023 ACC/AHA/ACCP/HRS guideline for diagnosis and management of atrial fibrillation. https://pubmed.ncbi.nlm.nih.gov/38033089/ | 2022 ESC Guidelines for ventricular arrhythmias and prevention of sudden cardiac death. https://pubmed.ncbi.nlm.nih.gov/36017572/,0,0,1,0,0,1
,PVT,425856008,ECG: paroxysmal ventricular tachycardia,Electrocardiogram: paroxysmal ventricular tachycardia (finding),RHYTHM,Rhythm/Arrhythmia,"O código SNOMED descreve alteração do ritmo cardíaco, origem do impulso, frequência ou ectopia; esses achados formam uma família clínica de arritmias adequada para uma camada diagnóstica agregada.",AHA/ACCF/HRS 2007 ECG standardization Part II: standardized ECG diagnostic statement list. https://pubmed.ncbi.nlm.nih.gov/17349897/ | 2023 ACC/AHA/ACCP/HRS guideline for diagnosis and management of atrial fibrillation. https://pubmed.ncbi.nlm.nih.gov/38033089/ | 2022 ESC Guidelines for ventricular arrhythmias and prevention of sudden cardiac death. https://pubmed.ncbi.nlm.nih.gov/36017572/,0,0,0,0,0,1
,PWC,164912004,EKG: P wave abnormal,Electrocardiographic P wave abnormal (finding),FORM,Axis/Form/Voltage Abnormality,"O código SNOMED descreve morfologia, eixo, rotação, amplitude/voltagem ou forma de ondas/complexos no ECG sem definir isoladamente uma síndrome de condução, isquemia ou hipertrofia; por isso foi agrupado como anormalidade de forma/eixo/voltagem.","AHA/ACCF/HRS 2007 ECG standardization Part II: standardized ECG diagnostic statement list. https://pubmed.ncbi.nlm.nih.gov/17349897/ | AHA/ACCF/HRS 2009 ECG standardization Part IV: ST segment, T and U waves, QT interval. https://pubmed.ncbi.nlm.nih.gov/19281931/ | AHA/ACCF/HRS 2009 ECG standardization Part V: ECG changes associated with cardiac chamber hypertrophy. https://pubmed.ncbi.nlm.nih.gov/19281932/",0,1,0,0,0,0
,QWAVE,164917005,EKG: Q wave abnormal,Electrocardiographic Q wave abnormal (finding),FORM,Axis/Form/Voltage Abnormality,"O código SNOMED descreve morfologia, eixo, rotação, amplitude/voltagem ou forma de ondas/complexos no ECG sem definir isoladamente uma síndrome de condução, isquemia ou hipertrofia; por isso foi agrupado como anormalidade de forma/eixo/voltagem.","AHA/ACCF/HRS 2007 ECG standardization Part II: standardized ECG diagnostic statement list. https://pubmed.ncbi.nlm.nih.gov/17349897/ | AHA/ACCF/HRS 2009 ECG standardization Part IV: ST segment, T and U waves, QT interval. https://pubmed.ncbi.nlm.nih.gov/19281931/ | AHA/ACCF/HRS 2009 ECG standardization Part V: ECG changes associated with cardiac chamber hypertrophy. https://pubmed.ncbi.nlm.nih.gov/19281932/",0,1,1,0,1,1
,RAAb,253339007,Right atrial abnormality,Right atrial abnormality (disorder),HYP,Hypertrophy/Enlargement,"O código SNOMED descreve hipertrofia, aumento ou anormalidade de câmaras cardíacas; alterações de câmaras são uma categoria diagnóstica reconhecida no ECG e mapeável para HYP.","AHA/ACCF/HRS 2009 ECG standardization Part V: ECG changes associated with cardiac chamber hypertrophy. https://pubmed.ncbi.nlm.nih.gov/19281932/ | Wagner et al., 2020, PTB-XL: diagnostic labels aggregated into superclasses NORM, MI, STTC, CD, HYP. https://pmc.ncbi.nlm.nih.gov/articles/PMC7248071/",0,0,0,0,0,1
,RAb,164921003,EKG: R wave abnormal,Electrocardiographic R wave abnormal (finding),FORM,Axis/Form/Voltage Abnormality,"O código SNOMED descreve morfologia, eixo, rotação, amplitude/voltagem ou forma de ondas/complexos no ECG sem definir isoladamente uma síndrome de condução, isquemia ou hipertrofia; por isso foi agrupado como anormalidade de forma/eixo/voltagem.","AHA/ACCF/HRS 2007 ECG standardization Part II: standardized ECG diagnostic statement list. https://pubmed.ncbi.nlm.nih.gov/17349897/ | AHA/ACCF/HRS 2009 ECG standardization Part IV: ST segment, T and U waves, QT interval. https://pubmed.ncbi.nlm.nih.gov/19281931/ | AHA/ACCF/HRS 2009 ECG standardization Part V: ECG changes associated with cardiac chamber hypertrophy. https://pubmed.ncbi.nlm.nih.gov/19281932/",0,0,1,0,0,1
,RAF,314208002,Rapid atrial fibrillation,Rapid atrial fibrillation (disorder),RHYTHM,Rhythm/Arrhythmia,"O código SNOMED descreve alteração do ritmo cardíaco, origem do impulso, frequência ou ectopia; esses achados formam uma família clínica de arritmias adequada para uma camada diagnóstica agregada.",AHA/ACCF/HRS 2007 ECG standardization Part II: standardized ECG diagnostic statement list. https://pubmed.ncbi.nlm.nih.gov/17349897/ | 2023 ACC/AHA/ACCP/HRS guideline for diagnosis and management of atrial fibrillation. https://pubmed.ncbi.nlm.nih.gov/38033089/ | 2022 ESC Guidelines for ventricular arrhythmias and prevention of sudden cardiac death. https://pubmed.ncbi.nlm.nih.gov/36017572/,0,0,0,1,0,1
,RAO/RAE,446358003,Right atrial hypertrophy,Right atrial hypertrophy (disorder),HYP,Hypertrophy/Enlargement,"O código SNOMED descreve hipertrofia, aumento ou anormalidade de câmaras cardíacas; alterações de câmaras são uma categoria diagnóstica reconhecida no ECG e mapeável para HYP.","AHA/ACCF/HRS 2009 ECG standardization Part V: ECG changes associated with cardiac chamber hypertrophy. https://pubmed.ncbi.nlm.nih.gov/19281932/ | Wagner et al., 2020, PTB-XL: diagnostic labels aggregated into superclasses NORM, MI, STTC, CD, HYP. https://pmc.ncbi.nlm.nih.gov/articles/PMC7248071/",0,1,1,0,1,1
,RBBB,59118001,Right bundle branch block,Right bundle branch block (disorder),CD,Conduction Disturbance,"O código SNOMED descreve bloqueio, atraso ou via anômala de condução elétrica (atrioventricular, sinoatrial, fascicular, de ramo ou intraventricular); por isso a agregação em CD é clinicamente coerente para generalização em ECG/ML.","AHA/ACCF/HRS 2009 ECG standardization Part III: intraventricular conduction disturbances. https://pubmed.ncbi.nlm.nih.gov/19281930/ | 2018 ACC/AHA/HRS guideline for bradycardia and cardiac conduction delay. https://pubmed.ncbi.nlm.nih.gov/30412780/ | Wagner et al., 2020, PTB-XL: diagnostic labels aggregated into superclasses NORM, MI, STTC, CD, HYP. https://pmc.ncbi.nlm.nih.gov/articles/PMC7248071/",1,1,1,0,0,1
,RHV,89792004,Right ventricular hypertrophy,Right ventricular hypertrophy (disorder),HYP,Hypertrophy/Enlargement,"O código SNOMED descreve hipertrofia, aumento ou anormalidade de câmaras cardíacas; alterações de câmaras são uma categoria diagnóstica reconhecida no ECG e mapeável para HYP.","AHA/ACCF/HRS 2009 ECG standardization Part V: ECG changes associated with cardiac chamber hypertrophy. https://pubmed.ncbi.nlm.nih.gov/19281932/ | Wagner et al., 2020, PTB-XL: diagnostic labels aggregated into superclasses NORM, MI, STTC, CD, HYP. https://pmc.ncbi.nlm.nih.gov/articles/PMC7248071/",0,1,1,0,1,1
,SARRH,427393009,ECG: sinus arrhythmia,Electrocardiogram: sinus arrhythmia (finding),RHYTHM,Rhythm/Arrhythmia,"O código SNOMED descreve alteração do ritmo cardíaco, origem do impulso, frequência ou ectopia; esses achados formam uma família clínica de arritmias adequada para uma camada diagnóstica agregada.",AHA/ACCF/HRS 2007 ECG standardization Part II: standardized ECG diagnostic statement list. https://pubmed.ncbi.nlm.nih.gov/17349897/ | 2023 ACC/AHA/ACCP/HRS guideline for diagnosis and management of atrial fibrillation. https://pubmed.ncbi.nlm.nih.gov/38033089/ | 2022 ESC Guidelines for ventricular arrhythmias and prevention of sudden cardiac death. https://pubmed.ncbi.nlm.nih.gov/36017572/,0,1,1,0,1,1
,SBRAD,426177001,ECG: sinus bradycardia,Electrocardiogram: sinus bradycardia (finding),RHYTHM,Rhythm/Arrhythmia,"O código SNOMED descreve alteração do ritmo cardíaco, origem do impulso, frequência ou ectopia; esses achados formam uma família clínica de arritmias adequada para uma camada diagnóstica agregada.",AHA/ACCF/HRS 2007 ECG standardization Part II: standardized ECG diagnostic statement list. https://pubmed.ncbi.nlm.nih.gov/17349897/ | 2023 ACC/AHA/ACCP/HRS guideline for diagnosis and management of atrial fibrillation. https://pubmed.ncbi.nlm.nih.gov/38033089/ | 2022 ESC Guidelines for ventricular arrhythmias and prevention of sudden cardiac death. https://pubmed.ncbi.nlm.nih.gov/36017572/,0,1,1,0,1,1
,SND,60423000,Sinus node dysfunction,Sinus node dysfunction (disorder),RHYTHM,Rhythm/Arrhythmia,"O código SNOMED descreve alteração do ritmo cardíaco, origem do impulso, frequência ou ectopia; esses achados formam uma família clínica de arritmias adequada para uma camada diagnóstica agregada.",AHA/ACCF/HRS 2007 ECG standardization Part II: standardized ECG diagnostic statement list. https://pubmed.ncbi.nlm.nih.gov/17349897/ | 2023 ACC/AHA/ACCP/HRS guideline for diagnosis and management of atrial fibrillation. https://pubmed.ncbi.nlm.nih.gov/38033089/ | 2022 ESC Guidelines for ventricular arrhythmias and prevention of sudden cardiac death. https://pubmed.ncbi.nlm.nih.gov/36017572/,0,0,0,0,0,1
,SPRI,49578007,Shortened PR interval,Shortened PR interval (finding),CD,Conduction Disturbance,"O código SNOMED descreve bloqueio, atraso ou via anômala de condução elétrica (atrioventricular, sinoatrial, fascicular, de ramo ou intraventricular); por isso a agregação em CD é clinicamente coerente para generalização em ECG/ML.","AHA/ACCF/HRS 2009 ECG standardization Part III: intraventricular conduction disturbances. https://pubmed.ncbi.nlm.nih.gov/19281930/ | 2018 ACC/AHA/HRS guideline for bradycardia and cardiac conduction delay. https://pubmed.ncbi.nlm.nih.gov/30412780/ | Wagner et al., 2020, PTB-XL: diagnostic labels aggregated into superclasses NORM, MI, STTC, CD, HYP. https://pmc.ncbi.nlm.nih.gov/articles/PMC7248071/",0,0,1,0,0,1
,SQT,77867006,Shortened QT interval,Shortened QT interval (finding),STTC,ST-T Change/Ischemia,"O código SNOMED representa alteração de repolarização, segmento ST, onda T/U, intervalo QT ou isquemia miocárdica; esses achados são agrupáveis como STTC/ischemic-repolarization abnormalities.","AHA/ACCF/HRS 2009 ECG standardization Part IV: ST segment, T and U waves, QT interval. https://pubmed.ncbi.nlm.nih.gov/19281931/ | AHA/ACCF/HRS 2009 ECG standardization Part VI: acute ischemia/infarction. https://pubmed.ncbi.nlm.nih.gov/19281933/ | Wagner et al., 2020, PTB-XL: diagnostic labels aggregated into superclasses NORM, MI, STTC, CD, HYP. https://pmc.ncbi.nlm.nih.gov/articles/PMC7248071/",0,0,1,0,0,1
,STACH,427084000,ECG: sinus tachycardia,Electrocardiogram: sinus tachycardia (finding),RHYTHM,Rhythm/Arrhythmia,"O código SNOMED descreve alteração do ritmo cardíaco, origem do impulso, frequência ou ectopia; esses achados formam uma família clínica de arritmias adequada para uma camada diagnóstica agregada.",AHA/ACCF/HRS 2007 ECG standardization Part II: standardized ECG diagnostic statement list. https://pubmed.ncbi.nlm.nih.gov/17349897/ | 2023 ACC/AHA/ACCP/HRS guideline for diagnosis and management of atrial fibrillation. https://pubmed.ncbi.nlm.nih.gov/38033089/ | 2022 ESC Guidelines for ventricular arrhythmias and prevention of sudden cardiac death. https://pubmed.ncbi.nlm.nih.gov/36017572/,0,1,1,0,1,1
,STD_,429622005,ST Depression,ST Depression (observable entity),STTC,ST-T Change/Ischemia,"O código SNOMED representa alteração de repolarização, segmento ST, onda T/U, intervalo QT ou isquemia miocárdica; esses achados são agrupáveis como STTC/ischemic-repolarization abnormalities.","AHA/ACCF/HRS 2009 ECG standardization Part IV: ST segment, T and U waves, QT interval. https://pubmed.ncbi.nlm.nih.gov/19281931/ | AHA/ACCF/HRS 2009 ECG standardization Part VI: acute ischemia/infarction. https://pubmed.ncbi.nlm.nih.gov/19281933/ | Wagner et al., 2020, PTB-XL: diagnostic labels aggregated into superclasses NORM, MI, STTC, CD, HYP. https://pmc.ncbi.nlm.nih.gov/articles/PMC7248071/",1,1,1,0,1,1
,STE,164930006,ECG: ST interval abnormal,Electrocardiographic ST interval abnormal (finding),STTC,ST-T Change/Ischemia,"O código SNOMED representa alteração de repolarização, segmento ST, onda T/U, intervalo QT ou isquemia miocárdica; esses achados são agrupáveis como STTC/ischemic-repolarization abnormalities.","AHA/ACCF/HRS 2009 ECG standardization Part IV: ST segment, T and U waves, QT interval. https://pubmed.ncbi.nlm.nih.gov/19281931/ | AHA/ACCF/HRS 2009 ECG standardization Part VI: acute ischemia/infarction. https://pubmed.ncbi.nlm.nih.gov/19281933/ | Wagner et al., 2020, PTB-XL: diagnostic labels aggregated into superclasses NORM, MI, STTC, CD, HYP. https://pmc.ncbi.nlm.nih.gov/articles/PMC7248071/",0,1,1,0,0,1
,STE_,164931005,ST elevation,ST elevation (observable entity),STTC,ST-T Change/Ischemia,"O código SNOMED representa alteração de repolarização, segmento ST, onda T/U, intervalo QT ou isquemia miocárdica; esses achados são agrupáveis como STTC/ischemic-repolarization abnormalities.","AHA/ACCF/HRS 2009 ECG standardization Part IV: ST segment, T and U waves, QT interval. https://pubmed.ncbi.nlm.nih.gov/19281931/ | AHA/ACCF/HRS 2009 ECG standardization Part VI: acute ischemia/infarction. https://pubmed.ncbi.nlm.nih.gov/19281933/ | Wagner et al., 2020, PTB-XL: diagnostic labels aggregated into superclasses NORM, MI, STTC, CD, HYP. https://pmc.ncbi.nlm.nih.gov/articles/PMC7248071/",1,1,1,0,1,1
,SVARR,63593006,Supraventricular premature beats,Supraventricular premature beats (disorder),RHYTHM,Rhythm/Arrhythmia,"O código SNOMED descreve alteração do ritmo cardíaco, origem do impulso, frequência ou ectopia; esses achados formam uma família clínica de arritmias adequada para uma camada diagnóstica agregada.",AHA/ACCF/HRS 2007 ECG standardization Part II: standardized ECG diagnostic statement list. https://pubmed.ncbi.nlm.nih.gov/17349897/ | 2023 ACC/AHA/ACCP/HRS guideline for diagnosis and management of atrial fibrillation. https://pubmed.ncbi.nlm.nih.gov/38033089/ | 2022 ESC Guidelines for ventricular arrhythmias and prevention of sudden cardiac death. https://pubmed.ncbi.nlm.nih.gov/36017572/,0,0,1,0,1,1
,SVB,251168009,Supraventricular bigeminy,Supraventricular bigeminy (disorder),RHYTHM,Rhythm/Arrhythmia,"O código SNOMED descreve alteração do ritmo cardíaco, origem do impulso, frequência ou ectopia; esses achados formam uma família clínica de arritmias adequada para uma camada diagnóstica agregada.",AHA/ACCF/HRS 2007 ECG standardization Part II: standardized ECG diagnostic statement list. https://pubmed.ncbi.nlm.nih.gov/17349897/ | 2023 ACC/AHA/ACCP/HRS guideline for diagnosis and management of atrial fibrillation. https://pubmed.ncbi.nlm.nih.gov/38033089/ | 2022 ESC Guidelines for ventricular arrhythmias and prevention of sudden cardiac death. https://pubmed.ncbi.nlm.nih.gov/36017572/,0,0,0,0,0,1
,SVTAC,426761007,EKG: supraventricular tachycardia,Electrocardiographic supraventricular tachycardia (finding),RHYTHM,Rhythm/Arrhythmia,"O código SNOMED descreve alteração do ritmo cardíaco, origem do impulso, frequência ou ectopia; esses achados formam uma família clínica de arritmias adequada para uma camada diagnóstica agregada.",AHA/ACCF/HRS 2007 ECG standardization Part II: standardized ECG diagnostic statement list. https://pubmed.ncbi.nlm.nih.gov/17349897/ | 2023 ACC/AHA/ACCP/HRS guideline for diagnosis and management of atrial fibrillation. https://pubmed.ncbi.nlm.nih.gov/38033089/ | 2022 ESC Guidelines for ventricular arrhythmias and prevention of sudden cardiac death. https://pubmed.ncbi.nlm.nih.gov/36017572/,0,1,1,0,1,1
,TIA,266257000,Transient cerebral ischemia,Transient ischemic attack (disorder),OTHER_NONCARDIAC,Non-cardiac/Out-of-scope Clinical Diagnosis,"O código SNOMED descreve condição clínica não cardíaca ou fora do escopo diagnóstico direto do ECG; para modelos de ECG, deve ser separada de classes eletrocardiográficas.",AHA/ACCF/HRS 2007 ECG standardization Part II: standardized ECG diagnostic statement list. https://pubmed.ncbi.nlm.nih.gov/17349897/,0,0,0,0,0,1
,TRIGU,251180001,Ventricular trigeminy,Ventricular trigeminy (disorder),RHYTHM,Rhythm/Arrhythmia,"O código SNOMED descreve alteração do ritmo cardíaco, origem do impulso, frequência ou ectopia; esses achados formam uma família clínica de arritmias adequada para uma camada diagnóstica agregada.",AHA/ACCF/HRS 2007 ECG standardization Part II: standardized ECG diagnostic statement list. https://pubmed.ncbi.nlm.nih.gov/17349897/ | 2023 ACC/AHA/ACCP/HRS guideline for diagnosis and management of atrial fibrillation. https://pubmed.ncbi.nlm.nih.gov/38033089/ | 2022 ESC Guidelines for ventricular arrhythmias and prevention of sudden cardiac death. https://pubmed.ncbi.nlm.nih.gov/36017572/,0,1,1,0,1,1
,UW,164937009,EKG: U wave abnormal,Electrocardiographic U wave abnormal (finding),STTC,ST-T Change/Ischemia,"O código SNOMED representa alteração de repolarização, segmento ST, onda T/U, intervalo QT ou isquemia miocárdica; esses achados são agrupáveis como STTC/ischemic-repolarization abnormalities.","AHA/ACCF/HRS 2009 ECG standardization Part IV: ST segment, T and U waves, QT interval. https://pubmed.ncbi.nlm.nih.gov/19281931/ | AHA/ACCF/HRS 2009 ECG standardization Part VI: acute ischemia/infarction. https://pubmed.ncbi.nlm.nih.gov/19281933/ | Wagner et al., 2020, PTB-XL: diagnostic labels aggregated into superclasses NORM, MI, STTC, CD, HYP. https://pmc.ncbi.nlm.nih.gov/articles/PMC7248071/",0,1,1,0,0,1
,VEB,75532003,Ventricular escape beat,Ventricular escape beat (disorder),RHYTHM,Rhythm/Arrhythmia,"O código SNOMED descreve alteração do ritmo cardíaco, origem do impulso, frequência ou ectopia; esses achados formam uma família clínica de arritmias adequada para uma camada diagnóstica agregada.",AHA/ACCF/HRS 2007 ECG standardization Part II: standardized ECG diagnostic statement list. https://pubmed.ncbi.nlm.nih.gov/17349897/ | 2023 ACC/AHA/ACCP/HRS guideline for diagnosis and management of atrial fibrillation. https://pubmed.ncbi.nlm.nih.gov/38033089/ | 2022 ESC Guidelines for ventricular arrhythmias and prevention of sudden cardiac death. https://pubmed.ncbi.nlm.nih.gov/36017572/,0,1,1,0,0,1
,VEsR,81898007,Ventricular escape rhythm,Ventricular escape rhythm (disorder),RHYTHM,Rhythm/Arrhythmia,"O código SNOMED descreve alteração do ritmo cardíaco, origem do impulso, frequência ou ectopia; esses achados formam uma família clínica de arritmias adequada para uma camada diagnóstica agregada.",AHA/ACCF/HRS 2007 ECG standardization Part II: standardized ECG diagnostic statement list. https://pubmed.ncbi.nlm.nih.gov/17349897/ | 2023 ACC/AHA/ACCP/HRS guideline for diagnosis and management of atrial fibrillation. https://pubmed.ncbi.nlm.nih.gov/38033089/ | 2022 ESC Guidelines for ventricular arrhythmias and prevention of sudden cardiac death. https://pubmed.ncbi.nlm.nih.gov/36017572/,0,0,1,0,0,1
,VF,164896001,EKG: ventricular fibrillation,Electrocardiographic ventricular fibrillation (finding),RHYTHM,Rhythm/Arrhythmia,"O código SNOMED descreve alteração do ritmo cardíaco, origem do impulso, frequência ou ectopia; esses achados formam uma família clínica de arritmias adequada para uma camada diagnóstica agregada.",AHA/ACCF/HRS 2007 ECG standardization Part II: standardized ECG diagnostic statement list. https://pubmed.ncbi.nlm.nih.gov/17349897/ | 2023 ACC/AHA/ACCP/HRS guideline for diagnosis and management of atrial fibrillation. https://pubmed.ncbi.nlm.nih.gov/38033089/ | 2022 ESC Guidelines for ventricular arrhythmias and prevention of sudden cardiac death. https://pubmed.ncbi.nlm.nih.gov/36017572/,0,0,1,1,0,1
,VFL,111288001,Ventricular flutter,Ventricular flutter (disorder),RHYTHM,Rhythm/Arrhythmia,"O código SNOMED descreve alteração do ritmo cardíaco, origem do impulso, frequência ou ectopia; esses achados formam uma família clínica de arritmias adequada para uma camada diagnóstica agregada.",AHA/ACCF/HRS 2007 ECG standardization Part II: standardized ECG diagnostic statement list. https://pubmed.ncbi.nlm.nih.gov/17349897/ | 2023 ACC/AHA/ACCP/HRS guideline for diagnosis and management of atrial fibrillation. https://pubmed.ncbi.nlm.nih.gov/38033089/ | 2022 ESC Guidelines for ventricular arrhythmias and prevention of sudden cardiac death. https://pubmed.ncbi.nlm.nih.gov/36017572/,0,0,1,0,0,1
,VFW,13640000,Fusion beats,Fusion beats (disorder),RHYTHM,Rhythm/Arrhythmia,"O código SNOMED descreve alteração do ritmo cardíaco, origem do impulso, frequência ou ectopia; esses achados formam uma família clínica de arritmias adequada para uma camada diagnóstica agregada.",AHA/ACCF/HRS 2007 ECG standardization Part II: standardized ECG diagnostic statement list. https://pubmed.ncbi.nlm.nih.gov/17349897/ | 2023 ACC/AHA/ACCP/HRS guideline for diagnosis and management of atrial fibrillation. https://pubmed.ncbi.nlm.nih.gov/38033089/ | 2022 ESC Guidelines for ventricular arrhythmias and prevention of sudden cardiac death. https://pubmed.ncbi.nlm.nih.gov/36017572/,0,1,0,0,0,1
,VPB,17338001,Ventricular premature beats,Ventricular premature beats (disorder),RHYTHM,Rhythm/Arrhythmia,"O código SNOMED descreve alteração do ritmo cardíaco, origem do impulso, frequência ou ectopia; esses achados formam uma família clínica de arritmias adequada para uma camada diagnóstica agregada.",AHA/ACCF/HRS 2007 ECG standardization Part II: standardized ECG diagnostic statement list. https://pubmed.ncbi.nlm.nih.gov/17349897/ | 2023 ACC/AHA/ACCP/HRS guideline for diagnosis and management of atrial fibrillation. https://pubmed.ncbi.nlm.nih.gov/38033089/ | 2022 ESC Guidelines for ventricular arrhythmias and prevention of sudden cardiac death. https://pubmed.ncbi.nlm.nih.gov/36017572/,0,1,1,0,0,1
,VPE,195060002,Ventricular pre-excitation,Ventricular pre-excitation (disorder),CD,Conduction Disturbance,"O código SNOMED descreve bloqueio, atraso ou via anômala de condução elétrica (atrioventricular, sinoatrial, fascicular, de ramo ou intraventricular); por isso a agregação em CD é clinicamente coerente para generalização em ECG/ML.","AHA/ACCF/HRS 2009 ECG standardization Part III: intraventricular conduction disturbances. https://pubmed.ncbi.nlm.nih.gov/19281930/ | 2018 ACC/AHA/HRS guideline for bradycardia and cardiac conduction delay. https://pubmed.ncbi.nlm.nih.gov/30412780/ | Wagner et al., 2020, PTB-XL: diagnostic labels aggregated into superclasses NORM, MI, STTC, CD, HYP. https://pmc.ncbi.nlm.nih.gov/articles/PMC7248071/",0,1,1,0,0,1
,VPP,251266004,Ventricular pacing pattern,Ventricular pacing pattern (finding),PACE,Paced Rhythm/Device Pattern,O código SNOMED indica ritmo ou padrão de estimulação artificial no ECG; esses achados devem ser agregados separadamente de arritmias espontâneas porque refletem ativação por dispositivo.,AHA/ACCF/HRS 2007 ECG standardization Part II: standardized ECG diagnostic statement list. https://pubmed.ncbi.nlm.nih.gov/17349897/ | 2018 ACC/AHA/HRS guideline for bradycardia and cardiac conduction delay. https://pubmed.ncbi.nlm.nih.gov/30412780/,0,0,0,0,0,1
,VPVC,251182009,Paired ventricular premature complexes,Paired ventricular premature complexes (disorder),RHYTHM,Rhythm/Arrhythmia,"O código SNOMED descreve alteração do ritmo cardíaco, origem do impulso, frequência ou ectopia; esses achados formam uma família clínica de arritmias adequada para uma camada diagnóstica agregada.",AHA/ACCF/HRS 2007 ECG standardization Part II: standardized ECG diagnostic statement list. https://pubmed.ncbi.nlm.nih.gov/17349897/ | 2023 ACC/AHA/ACCP/HRS guideline for diagnosis and management of atrial fibrillation. https://pubmed.ncbi.nlm.nih.gov/38033089/ | 2022 ESC Guidelines for ventricular arrhythmias and prevention of sudden cardiac death. https://pubmed.ncbi.nlm.nih.gov/36017572/,0,0,0,0,0,1
,WAVN,195101003,Wandering atrial pacemaker,Wandering atrial pacemaker (finding),RHYTHM,Rhythm/Arrhythmia,"O código SNOMED descreve alteração do ritmo cardíaco, origem do impulso, frequência ou ectopia; esses achados formam uma família clínica de arritmias adequada para uma camada diagnóstica agregada.",AHA/ACCF/HRS 2007 ECG standardization Part II: standardized ECG diagnostic statement list. https://pubmed.ncbi.nlm.nih.gov/17349897/ | 2023 ACC/AHA/ACCP/HRS guideline for diagnosis and management of atrial fibrillation. https://pubmed.ncbi.nlm.nih.gov/38033089/ | 2022 ESC Guidelines for ventricular arrhythmias and prevention of sudden cardiac death. https://pubmed.ncbi.nlm.nih.gov/36017572/,0,1,0,0,0,1
,WPW,74390002,Wolff-Parkinson-White pattern,Wolff-Parkinson-White pattern (disorder),CD,Conduction Disturbance,"O código SNOMED descreve bloqueio, atraso ou via anômala de condução elétrica (atrioventricular, sinoatrial, fascicular, de ramo ou intraventricular); por isso a agregação em CD é clinicamente coerente para generalização em ECG/ML.","AHA/ACCF/HRS 2009 ECG standardization Part III: intraventricular conduction disturbances. https://pubmed.ncbi.nlm.nih.gov/19281930/ | 2018 ACC/AHA/HRS guideline for bradycardia and cardiac conduction delay. https://pubmed.ncbi.nlm.nih.gov/30412780/ | Wagner et al., 2020, PTB-XL: diagnostic labels aggregated into superclasses NORM, MI, STTC, CD, HYP. https://pmc.ncbi.nlm.nih.gov/articles/PMC7248071/",0,1,0,1,1,1
,TBS,74615001,Tachycardia-bradycardia,Tachycardia-bradycardia (disorder),RHYTHM,Rhythm/Arrhythmia,"O código SNOMED descreve alteração do ritmo cardíaco, origem do impulso, frequência ou ectopia; esses achados formam uma família clínica de arritmias adequada para uma camada diagnóstica agregada.",AHA/ACCF/HRS 2007 ECG standardization Part II: standardized ECG diagnostic statement list. https://pubmed.ncbi.nlm.nih.gov/17349897/ | 2023 ACC/AHA/ACCP/HRS guideline for diagnosis and management of atrial fibrillation. https://pubmed.ncbi.nlm.nih.gov/38033089/ | 2022 ESC Guidelines for ventricular arrhythmias and prevention of sudden cardiac death. https://pubmed.ncbi.nlm.nih.gov/36017572/,0,0,1,0,0,1
,VT,164895002,EKG: ventricular tachycardia,Electrocardiographic ventricular tachycardia (finding),RHYTHM,Rhythm/Arrhythmia,"O código SNOMED descreve alteração do ritmo cardíaco, origem do impulso, frequência ou ectopia; esses achados formam uma família clínica de arritmias adequada para uma camada diagnóstica agregada.",AHA/ACCF/HRS 2007 ECG standardization Part II: standardized ECG diagnostic statement list. https://pubmed.ncbi.nlm.nih.gov/17349897/ | 2023 ACC/AHA/ACCP/HRS guideline for diagnosis and management of atrial fibrillation. https://pubmed.ncbi.nlm.nih.gov/38033089/ | 2022 ESC Guidelines for ventricular arrhythmias and prevention of sudden cardiac death. https://pubmed.ncbi.nlm.nih.gov/36017572/,0,0,1,1,0,1
,LMI,164871004,Lateral infarction on electrocardiogram,Lateral infarction on electrocardiogram (finding),MI,Myocardial Infarction,"O código SNOMED indica infarto/necrose miocárdica aguda, antiga ou regional; a agregação em MI segue a organização diagnóstica usada em ECG e em bases como PTB-XL.","AHA/ACCF/HRS 2009 ECG standardization Part VI: acute ischemia/infarction. https://pubmed.ncbi.nlm.nih.gov/19281933/ | Wagner et al., 2020, PTB-XL: diagnostic labels aggregated into superclasses NORM, MI, STTC, CD, HYP. https://pmc.ncbi.nlm.nih.gov/articles/PMC7248071/",0,0,0,1,0,0
,LONEAF,233910005,Lone atrial fibrillation,Lone atrial fibrillation (disorder),RHYTHM,Rhythm/Arrhythmia,"O código SNOMED descreve alteração do ritmo cardíaco, origem do impulso, frequência ou ectopia; esses achados formam uma família clínica de arritmias adequada para uma camada diagnóstica agregada.",AHA/ACCF/HRS 2007 ECG standardization Part II: standardized ECG diagnostic statement list. https://pubmed.ncbi.nlm.nih.gov/17349897/ | 2023 ACC/AHA/ACCP/HRS guideline for diagnosis and management of atrial fibrillation. https://pubmed.ncbi.nlm.nih.gov/38033089/ | 2022 ESC Guidelines for ventricular arrhythmias and prevention of sudden cardiac death. https://pubmed.ncbi.nlm.nih.gov/36017572/,0,0,0,1,0,0
,CHRPERI,78069008,Chronic rheumatic pericarditis,Chronic pericarditis due to rheumatic heart disease (disorder),OTHER_CARDIAC,Other Cardiac Disease,O código SNOMED representa condição cardíaca estrutural ou clínica não especificada primariamente como padrão eletrocardiográfico isolado; deve ser mantido como classe clínica separada para evitar mistura com layers morfológicas do ECG.,AHA/ACCF/HRS 2007 ECG standardization Part II: standardized ECG diagnostic statement list. https://pubmed.ncbi.nlm.nih.gov/17349897/,0,0,0,0,0,1
,ARTIFACT,251143007,ECG artifact,Electrocardiogram artifact (finding),TECH,Technical/Artifact,"O código SNOMED descreve artefato técnico ou posicionamento/reversão de eletrodos, não uma doença cardíaca primária; para ML, é uma camada de qualidade/técnica em vez de diagnóstico clínico.",AHA/ACCF/HRS 2007 ECG standardization Part II: standardized ECG diagnostic statement list. https://pubmed.ncbi.nlm.nih.gov/17349897/,0,0,0,0,0,1
,EALT,423863005,Electrical alternation of heart,Electrical alternation of heart (finding),FORM,Axis/Form/Voltage Abnormality,"O código SNOMED descreve morfologia, eixo, rotação, amplitude/voltagem ou forma de ondas/complexos no ECG sem definir isoladamente uma síndrome de condução, isquemia ou hipertrofia; por isso foi agrupado como anormalidade de forma/eixo/voltagem.","AHA/ACCF/HRS 2007 ECG standardization Part II: standardized ECG diagnostic statement list. https://pubmed.ncbi.nlm.nih.gov/17349897/ | AHA/ACCF/HRS 2009 ECG standardization Part IV: ST segment, T and U waves, QT interval. https://pubmed.ncbi.nlm.nih.gov/19281931/ | AHA/ACCF/HRS 2009 ECG standardization Part V: ECG changes associated with cardiac chamber hypertrophy. https://pubmed.ncbi.nlm.nih.gov/19281932/",0,0,0,0,0,1
,MAT,713423005,EKG: multifocal atrial tachycardia,Electrocardiographic multifocal atrial tachycardia (finding),RHYTHM,Rhythm/Arrhythmia,"O código SNOMED descreve alteração do ritmo cardíaco, origem do impulso, frequência ou ectopia; esses achados formam uma família clínica de arritmias adequada para uma camada diagnóstica agregada.",AHA/ACCF/HRS 2007 ECG standardization Part II: standardized ECG diagnostic statement list. https://pubmed.ncbi.nlm.nih.gov/17349897/ | 2023 ACC/AHA/ACCP/HRS guideline for diagnosis and management of atrial fibrillation. https://pubmed.ncbi.nlm.nih.gov/38033089/ | 2022 ESC Guidelines for ventricular arrhythmias and prevention of sudden cardiac death. https://pubmed.ncbi.nlm.nih.gov/36017572/,0,0,0,0,0,1
,2AVB21,164903001,ECG: partial atrioventricular block - 2:1,Electrocardiogram: partial atrioventricular block - 2:1 (finding),CD,Conduction Disturbance,"O código SNOMED descreve bloqueio, atraso ou via anômala de condução elétrica (atrioventricular, sinoatrial, fascicular, de ramo ou intraventricular); por isso a agregação em CD é clinicamente coerente para generalização em ECG/ML.","AHA/ACCF/HRS 2009 ECG standardization Part III: intraventricular conduction disturbances. https://pubmed.ncbi.nlm.nih.gov/19281930/ | 2018 ACC/AHA/HRS guideline for bradycardia and cardiac conduction delay. https://pubmed.ncbi.nlm.nih.gov/30412780/ | Wagner et al., 2020, PTB-XL: diagnostic labels aggregated into superclasses NORM, MI, STTC, CD, HYP. https://pmc.ncbi.nlm.nih.gov/articles/PMC7248071/",0,0,0,0,0,1
,TUW,251242005,Tall U wave,Tall U wave (finding),STTC,ST-T Change/Ischemia,"O código SNOMED representa alteração de repolarização, segmento ST, onda T/U, intervalo QT ou isquemia miocárdica; esses achados são agrupáveis como STTC/ischemic-repolarization abnormalities.","AHA/ACCF/HRS 2009 ECG standardization Part IV: ST segment, T and U waves, QT interval. https://pubmed.ncbi.nlm.nih.gov/19281931/ | AHA/ACCF/HRS 2009 ECG standardization Part VI: acute ischemia/infarction. https://pubmed.ncbi.nlm.nih.gov/19281933/ | Wagner et al., 2020, PTB-XL: diagnostic labels aggregated into superclasses NORM, MI, STTC, CD, HYP. https://pmc.ncbi.nlm.nih.gov/articles/PMC7248071/",0,0,0,0,0,1
,LVH,55827005,Left ventricular hypertrophy,Left ventricular hypertrophy (disorder),HYP,Hypertrophy/Enlargement,"O código SNOMED descreve hipertrofia, aumento ou anormalidade de câmaras cardíacas; alterações de câmaras são uma categoria diagnóstica reconhecida no ECG e mapeável para HYP.","AHA/ACCF/HRS 2009 ECG standardization Part V: ECG changes associated with cardiac chamber hypertrophy. https://pubmed.ncbi.nlm.nih.gov/19281932/ | Wagner et al., 2020, PTB-XL: diagnostic labels aggregated into superclasses NORM, MI, STTC, CD, HYP. https://pmc.ncbi.nlm.nih.gov/articles/PMC7248071/",0,1,0,0,0,0
,RAE,67751000119106,Right atrial enlargement,Right atrial enlargement (disorder),HYP,Hypertrophy/Enlargement,"O código SNOMED descreve hipertrofia, aumento ou anormalidade de câmaras cardíacas; alterações de câmaras são uma categoria diagnóstica reconhecida no ECG e mapeável para HYP.","AHA/ACCF/HRS 2009 ECG standardization Part V: ECG changes associated with cardiac chamber hypertrophy. https://pubmed.ncbi.nlm.nih.gov/19281932/ | Wagner et al., 2020, PTB-XL: diagnostic labels aggregated into superclasses NORM, MI, STTC, CD, HYP. https://pmc.ncbi.nlm.nih.gov/articles/PMC7248071/",0,1,0,0,0,0
,AVNRT,251166008,Atrioventricular nodal re-entry tachycardia (disorder),Atrioventricular nodal re-entry tachycardia (disorder),RHYTHM,Rhythm/Arrhythmia,"O código SNOMED descreve alteração do ritmo cardíaco, origem do impulso, frequência ou ectopia; esses achados formam uma família clínica de arritmias adequada para uma camada diagnóstica agregada.",AHA/ACCF/HRS 2007 ECG standardization Part II: standardized ECG diagnostic statement list. https://pubmed.ncbi.nlm.nih.gov/17349897/ | 2023 ACC/AHA/ACCP/HRS guideline for diagnosis and management of atrial fibrillation. https://pubmed.ncbi.nlm.nih.gov/38033089/ | 2022 ESC Guidelines for ventricular arrhythmias and prevention of sudden cardiac death. https://pubmed.ncbi.nlm.nih.gov/36017572/,0,1,0,0,0,0
,AARR,17366009,Atrial arrhythmia,Atrial arrhythmia (disorder),RHYTHM,Rhythm/Arrhythmia,"O código SNOMED descreve alteração do ritmo cardíaco, origem do impulso, frequência ou ectopia; esses achados formam uma família clínica de arritmias adequada para uma camada diagnóstica agregada.",AHA/ACCF/HRS 2007 ECG standardization Part II: standardized ECG diagnostic statement list. https://pubmed.ncbi.nlm.nih.gov/17349897/ | 2023 ACC/AHA/ACCP/HRS guideline for diagnosis and management of atrial fibrillation. https://pubmed.ncbi.nlm.nih.gov/38033089/ | 2022 ESC Guidelines for ventricular arrhythmias and prevention of sudden cardiac death. https://pubmed.ncbi.nlm.nih.gov/36017572/,0,1,0,0,0,0
,RWF,365413008,R wave - finding,Finding of electrocardiogram R wave (finding),FORM,Axis/Form/Voltage Abnormality,"O código SNOMED descreve morfologia, eixo, rotação, amplitude/voltagem ou forma de ondas/complexos no ECG sem definir isoladamente uma síndrome de condução, isquemia ou hipertrofia; por isso foi agrupado como anormalidade de forma/eixo/voltagem.","AHA/ACCF/HRS 2007 ECG standardization Part II: standardized ECG diagnostic statement list. https://pubmed.ncbi.nlm.nih.gov/17349897/ | AHA/ACCF/HRS 2009 ECG standardization Part IV: ST segment, T and U waves, QT interval. https://pubmed.ncbi.nlm.nih.gov/19281931/ | AHA/ACCF/HRS 2009 ECG standardization Part V: ECG changes associated with cardiac chamber hypertrophy. https://pubmed.ncbi.nlm.nih.gov/19281932/",0,1,0,0,0,0
,TPW,251223006,Tall P wave,Tall P wave (finding),FORM,Axis/Form/Voltage Abnormality,"O código SNOMED descreve morfologia, eixo, rotação, amplitude/voltagem ou forma de ondas/complexos no ECG sem definir isoladamente uma síndrome de condução, isquemia ou hipertrofia; por isso foi agrupado como anormalidade de forma/eixo/voltagem.","AHA/ACCF/HRS 2007 ECG standardization Part II: standardized ECG diagnostic statement list. https://pubmed.ncbi.nlm.nih.gov/17349897/ | AHA/ACCF/HRS 2009 ECG standardization Part IV: ST segment, T and U waves, QT interval. https://pubmed.ncbi.nlm.nih.gov/19281931/ | AHA/ACCF/HRS 2009 ECG standardization Part V: ECG changes associated with cardiac chamber hypertrophy. https://pubmed.ncbi.nlm.nih.gov/19281932/",0,1,0,0,0,0
,CLBBB,733534002,ECG complete left bundle branch block,Electrocardiographic complete left bundle branch block (finding),CD,Conduction Disturbance,"O código SNOMED descreve bloqueio, atraso ou via anômala de condução elétrica (atrioventricular, sinoatrial, fascicular, de ramo ou intraventricular); por isso a agregação em CD é clinicamente coerente para generalização em ECG/ML.","AHA/ACCF/HRS 2009 ECG standardization Part III: intraventricular conduction disturbances. https://pubmed.ncbi.nlm.nih.gov/19281930/ | 2018 ACC/AHA/HRS guideline for bradycardia and cardiac conduction delay. https://pubmed.ncbi.nlm.nih.gov/30412780/ | Wagner et al., 2020, PTB-XL: diagnostic labels aggregated into superclasses NORM, MI, STTC, CD, HYP. https://pmc.ncbi.nlm.nih.gov/articles/PMC7248071/",0,1,0,0,0,0
,CCWL,61721007,Counterclockwise vectorcardiographic loop,Counterclockwise vectorcardiographic loop (finding),FORM,Axis/Form/Voltage Abnormality,"O código SNOMED descreve morfologia, eixo, rotação, amplitude/voltagem ou forma de ondas/complexos no ECG sem definir isoladamente uma síndrome de condução, isquemia ou hipertrofia; por isso foi agrupado como anormalidade de forma/eixo/voltagem.","AHA/ACCF/HRS 2007 ECG standardization Part II: standardized ECG diagnostic statement list. https://pubmed.ncbi.nlm.nih.gov/17349897/ | AHA/ACCF/HRS 2009 ECG standardization Part IV: ST segment, T and U waves, QT interval. https://pubmed.ncbi.nlm.nih.gov/19281931/ | AHA/ACCF/HRS 2009 ECG standardization Part V: ECG changes associated with cardiac chamber hypertrophy. https://pubmed.ncbi.nlm.nih.gov/19281932/",0,1,0,0,0,0
,PPW,251205003,Prolonged P wave,Prolonged P wave (finding),FORM,Axis/Form/Voltage Abnormality,"O código SNOMED descreve morfologia, eixo, rotação, amplitude/voltagem ou forma de ondas/complexos no ECG sem definir isoladamente uma síndrome de condução, isquemia ou hipertrofia; por isso foi agrupado como anormalidade de forma/eixo/voltagem.","AHA/ACCF/HRS 2007 ECG standardization Part II: standardized ECG diagnostic statement list. https://pubmed.ncbi.nlm.nih.gov/17349897/ | AHA/ACCF/HRS 2009 ECG standardization Part IV: ST segment, T and U waves, QT interval. https://pubmed.ncbi.nlm.nih.gov/19281931/ | AHA/ACCF/HRS 2009 ECG standardization Part V: ECG changes associated with cardiac chamber hypertrophy. https://pubmed.ncbi.nlm.nih.gov/19281932/",0,1,0,0,0,0